Iniciando servidor R-UDP...
Arquivo de saída: data/received/rudp_A_run2.bin
[RUDP-GBN] Servidor escutando em 0.0.0.0:5001
[RUDP-GBN] Aguardando pacotes...
[RUDP-GBN] Recebido em ordem DATA seq=0. ACK=0
[RUDP-GBN] Recebido em ordem DATA seq=1. ACK=1
[RUDP-GBN] Recebido em ordem DATA seq=2. ACK=2
[RUDP-GBN] Recebido em ordem DATA seq=3. ACK=3
[RUDP-GBN] Recebido em ordem DATA seq=4. ACK=4
[RUDP-GBN] Recebido em ordem DATA seq=5. ACK=5
[RUDP-GBN] Recebido em ordem DATA seq=6. ACK=6
[RUDP-GBN] Recebido em ordem DATA seq=7. ACK=7
[RUDP-GBN] Recebido em ordem DATA seq=8. ACK=8
[RUDP-GBN] Recebido em ordem DATA seq=9. ACK=9
[RUDP-GBN] Recebido em ordem DATA seq=10. ACK=10
[RUDP-GBN] Recebido em ordem DATA seq=11. ACK=11
[RUDP-GBN] Recebido em ordem DATA seq=12. ACK=12
[RUDP-GBN] Recebido em ordem DATA seq=13. ACK=13
[RUDP-GBN] Recebido em ordem DATA seq=14. ACK=14
[RUDP-GBN] Recebido em ordem DATA seq=15. ACK=15
[RUDP-GBN] Recebido em ordem DATA seq=16. ACK=16
[RUDP-GBN] Recebido em ordem DATA seq=17. ACK=17
[RUDP-GBN] Recebido em ordem DATA seq=18. ACK=18
[RUDP-GBN] Recebido em ordem DATA seq=19. ACK=19
[RUDP-GBN] Recebido em ordem DATA seq=20. ACK=20
[RUDP-GBN] Recebido em ordem DATA seq=21. ACK=21
[RUDP-GBN] Recebido em ordem DATA seq=22. ACK=22
[RUDP-GBN] Recebido em ordem DATA seq=23. ACK=23
[RUDP-GBN] Recebido em ordem DATA seq=24. ACK=24
[RUDP-GBN] Recebido em ordem DATA seq=25. ACK=25
[RUDP-GBN] Recebido em ordem DATA seq=26. ACK=26
[RUDP-GBN] Recebido em ordem DATA seq=27. ACK=27
[RUDP-GBN] Recebido em ordem DATA seq=28. ACK=28
[RUDP-GBN] Recebido em ordem DATA seq=29. ACK=29
[RUDP-GBN] Recebido em ordem DATA seq=30. ACK=30
[RUDP-GBN] Recebido em ordem DATA seq=31. ACK=31
[RUDP-GBN] Recebido em ordem DATA seq=32. ACK=32
[RUDP-GBN] Recebido em ordem DATA seq=33. ACK=33
[RUDP-GBN] Recebido em ordem DATA seq=34. ACK=34
[RUDP-GBN] Recebido em ordem DATA seq=35. ACK=35
[RUDP-GBN] Recebido em ordem DATA seq=36. ACK=36
[RUDP-GBN] Recebido em ordem DATA seq=37. ACK=37
[RUDP-GBN] Recebido em ordem DATA seq=38. ACK=38
[RUDP-GBN] Recebido em ordem DATA seq=39. ACK=39
[RUDP-GBN] Recebido em ordem DATA seq=40. ACK=40
[RUDP-GBN] Recebido em ordem DATA seq=41. ACK=41
[RUDP-GBN] Recebido em ordem DATA seq=42. ACK=42
[RUDP-GBN] Recebido em ordem DATA seq=43. ACK=43
[RUDP-GBN] Recebido em ordem DATA seq=44. ACK=44
[RUDP-GBN] Recebido em ordem DATA seq=45. ACK=45
[RUDP-GBN] Recebido em ordem DATA seq=46. ACK=46
[RUDP-GBN] Recebido em ordem DATA seq=47. ACK=47
[RUDP-GBN] Recebido em ordem DATA seq=48. ACK=48
[RUDP-GBN] Recebido em ordem DATA seq=49. ACK=49
[RUDP-GBN] Recebido em ordem DATA seq=50. ACK=50
[RUDP-GBN] Recebido em ordem DATA seq=51. ACK=51
[RUDP-GBN] Recebido em ordem DATA seq=52. ACK=52
[RUDP-GBN] Recebido em ordem DATA seq=53. ACK=53
[RUDP-GBN] Recebido em ordem DATA seq=54. ACK=54
[RUDP-GBN] Recebido em ordem DATA seq=55. ACK=55
[RUDP-GBN] Recebido em ordem DATA seq=56. ACK=56
[RUDP-GBN] Recebido em ordem DATA seq=57. ACK=57
[RUDP-GBN] Recebido em ordem DATA seq=58. ACK=58
[RUDP-GBN] Recebido em ordem DATA seq=59. ACK=59
[RUDP-GBN] Recebido em ordem DATA seq=60. ACK=60
[RUDP-GBN] Recebido em ordem DATA seq=61. ACK=61
[RUDP-GBN] Recebido em ordem DATA seq=62. ACK=62
[RUDP-GBN] Recebido em ordem DATA seq=63. ACK=63
[RUDP-GBN] Recebido em ordem DATA seq=64. ACK=64
[RUDP-GBN] Recebido em ordem DATA seq=65. ACK=65
[RUDP-GBN] Recebido em ordem DATA seq=66. ACK=66
[RUDP-GBN] Recebido em ordem DATA seq=67. ACK=67
[RUDP-GBN] Recebido em ordem DATA seq=68. ACK=68
[RUDP-GBN] Recebido em ordem DATA seq=69. ACK=69
[RUDP-GBN] Recebido em ordem DATA seq=70. ACK=70
[RUDP-GBN] Recebido em ordem DATA seq=71. ACK=71
[RUDP-GBN] Recebido em ordem DATA seq=72. ACK=72
[RUDP-GBN] Recebido em ordem DATA seq=73. ACK=73
[RUDP-GBN] Recebido em ordem DATA seq=74. ACK=74
[RUDP-GBN] Recebido em ordem DATA seq=75. ACK=75
[RUDP-GBN] Recebido em ordem DATA seq=76. ACK=76
[RUDP-GBN] Recebido em ordem DATA seq=77. ACK=77
[RUDP-GBN] Recebido em ordem DATA seq=78. ACK=78
[RUDP-GBN] Recebido em ordem DATA seq=79. ACK=79
[RUDP-GBN] Recebido em ordem DATA seq=80. ACK=80
[RUDP-GBN] Recebido em ordem DATA seq=81. ACK=81
[RUDP-GBN] Recebido em ordem DATA seq=82. ACK=82
[RUDP-GBN] Recebido em ordem DATA seq=83. ACK=83
[RUDP-GBN] Recebido em ordem DATA seq=84. ACK=84
[RUDP-GBN] Recebido em ordem DATA seq=85. ACK=85
[RUDP-GBN] Recebido em ordem DATA seq=86. ACK=86
[RUDP-GBN] Recebido em ordem DATA seq=87. ACK=87
[RUDP-GBN] Recebido em ordem DATA seq=88. ACK=88
[RUDP-GBN] Recebido em ordem DATA seq=89. ACK=89
[RUDP-GBN] Recebido em ordem DATA seq=90. ACK=90
[RUDP-GBN] Recebido em ordem DATA seq=91. ACK=91
[RUDP-GBN] Recebido em ordem DATA seq=92. ACK=92
[RUDP-GBN] Recebido em ordem DATA seq=93. ACK=93
[RUDP-GBN] Recebido em ordem DATA seq=94. ACK=94
[RUDP-GBN] Recebido em ordem DATA seq=95. ACK=95
[RUDP-GBN] Recebido em ordem DATA seq=96. ACK=96
[RUDP-GBN] Recebido em ordem DATA seq=97. ACK=97
[RUDP-GBN] Recebido em ordem DATA seq=98. ACK=98
[RUDP-GBN] Recebido em ordem DATA seq=99. ACK=99
[RUDP-GBN] Recebido em ordem DATA seq=100. ACK=100
[RUDP-GBN] Recebido em ordem DATA seq=101. ACK=101
[RUDP-GBN] Recebido em ordem DATA seq=102. ACK=102
[RUDP-GBN] Recebido em ordem DATA seq=103. ACK=103
[RUDP-GBN] Recebido em ordem DATA seq=104. ACK=104
[RUDP-GBN] Recebido em ordem DATA seq=105. ACK=105
[RUDP-GBN] Recebido em ordem DATA seq=106. ACK=106
[RUDP-GBN] Recebido em ordem DATA seq=107. ACK=107
[RUDP-GBN] Recebido em ordem DATA seq=108. ACK=108
[RUDP-GBN] Recebido em ordem DATA seq=109. ACK=109
[RUDP-GBN] Recebido em ordem DATA seq=110. ACK=110
[RUDP-GBN] Recebido em ordem DATA seq=111. ACK=111
[RUDP-GBN] Recebido em ordem DATA seq=112. ACK=112
[RUDP-GBN] Recebido em ordem DATA seq=113. ACK=113
[RUDP-GBN] Recebido em ordem DATA seq=114. ACK=114
[RUDP-GBN] Recebido em ordem DATA seq=115. ACK=115
[RUDP-GBN] Recebido em ordem DATA seq=116. ACK=116
[RUDP-GBN] Recebido em ordem DATA seq=117. ACK=117
[RUDP-GBN] Recebido em ordem DATA seq=118. ACK=118
[RUDP-GBN] Recebido em ordem DATA seq=119. ACK=119
[RUDP-GBN] Recebido em ordem DATA seq=120. ACK=120
[RUDP-GBN] Recebido em ordem DATA seq=121. ACK=121
[RUDP-GBN] Recebido em ordem DATA seq=122. ACK=122
[RUDP-GBN] Recebido em ordem DATA seq=123. ACK=123
[RUDP-GBN] Recebido em ordem DATA seq=124. ACK=124
[RUDP-GBN] Recebido em ordem DATA seq=125. ACK=125
[RUDP-GBN] Recebido em ordem DATA seq=126. ACK=126
[RUDP-GBN] Recebido em ordem DATA seq=127. ACK=127
[RUDP-GBN] Recebido em ordem DATA seq=128. ACK=128
[RUDP-GBN] Recebido em ordem DATA seq=129. ACK=129
[RUDP-GBN] Recebido em ordem DATA seq=130. ACK=130
[RUDP-GBN] Recebido em ordem DATA seq=131. ACK=131
[RUDP-GBN] Recebido em ordem DATA seq=132. ACK=132
[RUDP-GBN] Recebido em ordem DATA seq=133. ACK=133
[RUDP-GBN] Recebido em ordem DATA seq=134. ACK=134
[RUDP-GBN] Recebido em ordem DATA seq=135. ACK=135
[RUDP-GBN] Recebido em ordem DATA seq=136. ACK=136
[RUDP-GBN] Recebido em ordem DATA seq=137. ACK=137
[RUDP-GBN] Recebido em ordem DATA seq=138. ACK=138
[RUDP-GBN] Recebido em ordem DATA seq=139. ACK=139
[RUDP-GBN] Recebido em ordem DATA seq=140. ACK=140
[RUDP-GBN] Recebido em ordem DATA seq=141. ACK=141
[RUDP-GBN] Recebido em ordem DATA seq=142. ACK=142
[RUDP-GBN] Recebido em ordem DATA seq=143. ACK=143
[RUDP-GBN] Recebido em ordem DATA seq=144. ACK=144
[RUDP-GBN] Recebido em ordem DATA seq=145. ACK=145
[RUDP-GBN] Recebido em ordem DATA seq=146. ACK=146
[RUDP-GBN] Recebido em ordem DATA seq=147. ACK=147
[RUDP-GBN] Recebido em ordem DATA seq=148. ACK=148
[RUDP-GBN] Recebido em ordem DATA seq=149. ACK=149
[RUDP-GBN] Recebido em ordem DATA seq=150. ACK=150
[RUDP-GBN] Recebido em ordem DATA seq=151. ACK=151
[RUDP-GBN] Recebido em ordem DATA seq=152. ACK=152
[RUDP-GBN] Recebido em ordem DATA seq=153. ACK=153
[RUDP-GBN] Recebido em ordem DATA seq=154. ACK=154
[RUDP-GBN] Recebido em ordem DATA seq=155. ACK=155
[RUDP-GBN] Recebido em ordem DATA seq=156. ACK=156
[RUDP-GBN] Recebido em ordem DATA seq=157. ACK=157
[RUDP-GBN] Recebido em ordem DATA seq=158. ACK=158
[RUDP-GBN] Recebido em ordem DATA seq=159. ACK=159
[RUDP-GBN] Recebido em ordem DATA seq=160. ACK=160
[RUDP-GBN] Recebido em ordem DATA seq=161. ACK=161
[RUDP-GBN] Recebido em ordem DATA seq=162. ACK=162
[RUDP-GBN] Recebido em ordem DATA seq=163. ACK=163
[RUDP-GBN] Recebido em ordem DATA seq=164. ACK=164
[RUDP-GBN] Recebido em ordem DATA seq=165. ACK=165
[RUDP-GBN] Recebido em ordem DATA seq=166. ACK=166
[RUDP-GBN] Recebido em ordem DATA seq=167. ACK=167
[RUDP-GBN] Recebido em ordem DATA seq=168. ACK=168
[RUDP-GBN] Recebido em ordem DATA seq=169. ACK=169
[RUDP-GBN] Recebido em ordem DATA seq=170. ACK=170
[RUDP-GBN] Recebido em ordem DATA seq=171. ACK=171
[RUDP-GBN] Recebido em ordem DATA seq=172. ACK=172
[RUDP-GBN] Recebido em ordem DATA seq=173. ACK=173
[RUDP-GBN] Recebido em ordem DATA seq=174. ACK=174
[RUDP-GBN] Recebido em ordem DATA seq=175. ACK=175
[RUDP-GBN] Recebido em ordem DATA seq=176. ACK=176
[RUDP-GBN] Recebido em ordem DATA seq=177. ACK=177
[RUDP-GBN] Recebido em ordem DATA seq=178. ACK=178
[RUDP-GBN] Recebido em ordem DATA seq=179. ACK=179
[RUDP-GBN] Recebido em ordem DATA seq=180. ACK=180
[RUDP-GBN] Recebido em ordem DATA seq=181. ACK=181
[RUDP-GBN] Recebido em ordem DATA seq=182. ACK=182
[RUDP-GBN] Recebido em ordem DATA seq=183. ACK=183
[RUDP-GBN] Recebido em ordem DATA seq=184. ACK=184
[RUDP-GBN] Recebido em ordem DATA seq=185. ACK=185
[RUDP-GBN] Recebido em ordem DATA seq=186. ACK=186
[RUDP-GBN] Recebido em ordem DATA seq=187. ACK=187
[RUDP-GBN] Recebido em ordem DATA seq=188. ACK=188
[RUDP-GBN] Recebido em ordem DATA seq=189. ACK=189
[RUDP-GBN] Recebido em ordem DATA seq=190. ACK=190
[RUDP-GBN] Recebido em ordem DATA seq=191. ACK=191
[RUDP-GBN] Recebido em ordem DATA seq=192. ACK=192
[RUDP-GBN] Recebido em ordem DATA seq=193. ACK=193
[RUDP-GBN] Recebido em ordem DATA seq=194. ACK=194
[RUDP-GBN] Recebido em ordem DATA seq=195. ACK=195
[RUDP-GBN] Recebido em ordem DATA seq=196. ACK=196
[RUDP-GBN] Recebido em ordem DATA seq=197. ACK=197
[RUDP-GBN] Recebido em ordem DATA seq=198. ACK=198
[RUDP-GBN] Recebido em ordem DATA seq=199. ACK=199
[RUDP-GBN] Recebido em ordem DATA seq=200. ACK=200
[RUDP-GBN] Recebido em ordem DATA seq=201. ACK=201
[RUDP-GBN] Recebido em ordem DATA seq=202. ACK=202
[RUDP-GBN] Recebido em ordem DATA seq=203. ACK=203
[RUDP-GBN] Recebido em ordem DATA seq=204. ACK=204
[RUDP-GBN] Recebido em ordem DATA seq=205. ACK=205
[RUDP-GBN] Recebido em ordem DATA seq=206. ACK=206
[RUDP-GBN] Recebido em ordem DATA seq=207. ACK=207
[RUDP-GBN] Recebido em ordem DATA seq=208. ACK=208
[RUDP-GBN] Recebido em ordem DATA seq=209. ACK=209
[RUDP-GBN] Recebido em ordem DATA seq=210. ACK=210
[RUDP-GBN] Recebido em ordem DATA seq=211. ACK=211
[RUDP-GBN] Recebido em ordem DATA seq=212. ACK=212
[RUDP-GBN] Recebido em ordem DATA seq=213. ACK=213
[RUDP-GBN] Recebido em ordem DATA seq=214. ACK=214
[RUDP-GBN] Recebido em ordem DATA seq=215. ACK=215
[RUDP-GBN] Recebido em ordem DATA seq=216. ACK=216
[RUDP-GBN] Recebido em ordem DATA seq=217. ACK=217
[RUDP-GBN] Recebido em ordem DATA seq=218. ACK=218
[RUDP-GBN] Recebido em ordem DATA seq=219. ACK=219
[RUDP-GBN] Recebido em ordem DATA seq=220. ACK=220
[RUDP-GBN] Recebido em ordem DATA seq=221. ACK=221
[RUDP-GBN] Recebido em ordem DATA seq=222. ACK=222
[RUDP-GBN] Recebido em ordem DATA seq=223. ACK=223
[RUDP-GBN] Recebido em ordem DATA seq=224. ACK=224
[RUDP-GBN] Recebido em ordem DATA seq=225. ACK=225
[RUDP-GBN] Recebido em ordem DATA seq=226. ACK=226
[RUDP-GBN] Recebido em ordem DATA seq=227. ACK=227
[RUDP-GBN] Recebido em ordem DATA seq=228. ACK=228
[RUDP-GBN] Recebido em ordem DATA seq=229. ACK=229
[RUDP-GBN] Recebido em ordem DATA seq=230. ACK=230
[RUDP-GBN] Recebido em ordem DATA seq=231. ACK=231
[RUDP-GBN] Recebido em ordem DATA seq=232. ACK=232
[RUDP-GBN] Recebido em ordem DATA seq=233. ACK=233
[RUDP-GBN] Recebido em ordem DATA seq=234. ACK=234
[RUDP-GBN] Recebido em ordem DATA seq=235. ACK=235
[RUDP-GBN] Recebido em ordem DATA seq=236. ACK=236
[RUDP-GBN] Recebido em ordem DATA seq=237. ACK=237
[RUDP-GBN] Recebido em ordem DATA seq=238. ACK=238
[RUDP-GBN] Recebido em ordem DATA seq=239. ACK=239
[RUDP-GBN] Recebido em ordem DATA seq=240. ACK=240
[RUDP-GBN] Recebido em ordem DATA seq=241. ACK=241
[RUDP-GBN] Recebido em ordem DATA seq=242. ACK=242
[RUDP-GBN] Recebido em ordem DATA seq=243. ACK=243
[RUDP-GBN] Recebido em ordem DATA seq=244. ACK=244
[RUDP-GBN] Recebido em ordem DATA seq=245. ACK=245
[RUDP-GBN] Recebido em ordem DATA seq=246. ACK=246
[RUDP-GBN] Recebido em ordem DATA seq=247. ACK=247
[RUDP-GBN] Recebido em ordem DATA seq=248. ACK=248
[RUDP-GBN] Recebido em ordem DATA seq=249. ACK=249
[RUDP-GBN] Recebido em ordem DATA seq=250. ACK=250
[RUDP-GBN] Recebido em ordem DATA seq=251. ACK=251
[RUDP-GBN] Recebido em ordem DATA seq=252. ACK=252
[RUDP-GBN] Recebido em ordem DATA seq=253. ACK=253
[RUDP-GBN] Recebido em ordem DATA seq=254. ACK=254
[RUDP-GBN] Recebido em ordem DATA seq=255. ACK=255
[RUDP-GBN] Recebido em ordem DATA seq=256. ACK=256
[RUDP-GBN] Recebido em ordem DATA seq=257. ACK=257
[RUDP-GBN] Recebido em ordem DATA seq=258. ACK=258
[RUDP-GBN] Recebido em ordem DATA seq=259. ACK=259
[RUDP-GBN] Recebido em ordem DATA seq=260. ACK=260
[RUDP-GBN] Recebido em ordem DATA seq=261. ACK=261
[RUDP-GBN] Recebido em ordem DATA seq=262. ACK=262
[RUDP-GBN] Recebido em ordem DATA seq=263. ACK=263
[RUDP-GBN] Recebido em ordem DATA seq=264. ACK=264
[RUDP-GBN] Recebido em ordem DATA seq=265. ACK=265
[RUDP-GBN] Recebido em ordem DATA seq=266. ACK=266
[RUDP-GBN] Recebido em ordem DATA seq=267. ACK=267
[RUDP-GBN] Recebido em ordem DATA seq=268. ACK=268
[RUDP-GBN] Recebido em ordem DATA seq=269. ACK=269
[RUDP-GBN] Recebido em ordem DATA seq=270. ACK=270
[RUDP-GBN] Recebido em ordem DATA seq=271. ACK=271
[RUDP-GBN] Recebido em ordem DATA seq=272. ACK=272
[RUDP-GBN] Recebido em ordem DATA seq=273. ACK=273
[RUDP-GBN] Recebido em ordem DATA seq=274. ACK=274
[RUDP-GBN] Recebido em ordem DATA seq=275. ACK=275
[RUDP-GBN] Recebido em ordem DATA seq=276. ACK=276
[RUDP-GBN] Recebido em ordem DATA seq=277. ACK=277
[RUDP-GBN] Recebido em ordem DATA seq=278. ACK=278
[RUDP-GBN] Recebido em ordem DATA seq=279. ACK=279
[RUDP-GBN] Recebido em ordem DATA seq=280. ACK=280
[RUDP-GBN] Recebido em ordem DATA seq=281. ACK=281
[RUDP-GBN] Recebido em ordem DATA seq=282. ACK=282
[RUDP-GBN] Recebido em ordem DATA seq=283. ACK=283
[RUDP-GBN] Recebido em ordem DATA seq=284. ACK=284
[RUDP-GBN] Recebido em ordem DATA seq=285. ACK=285
[RUDP-GBN] Recebido em ordem DATA seq=286. ACK=286
[RUDP-GBN] Recebido em ordem DATA seq=287. ACK=287
[RUDP-GBN] Recebido em ordem DATA seq=288. ACK=288
[RUDP-GBN] Recebido em ordem DATA seq=289. ACK=289
[RUDP-GBN] Recebido em ordem DATA seq=290. ACK=290
[RUDP-GBN] Recebido em ordem DATA seq=291. ACK=291
[RUDP-GBN] Recebido em ordem DATA seq=292. ACK=292
[RUDP-GBN] Recebido em ordem DATA seq=293. ACK=293
[RUDP-GBN] Recebido em ordem DATA seq=294. ACK=294
[RUDP-GBN] Recebido em ordem DATA seq=295. ACK=295
[RUDP-GBN] Recebido em ordem DATA seq=296. ACK=296
[RUDP-GBN] Recebido em ordem DATA seq=297. ACK=297
[RUDP-GBN] Recebido em ordem DATA seq=298. ACK=298
[RUDP-GBN] Recebido em ordem DATA seq=299. ACK=299
[RUDP-GBN] Recebido em ordem DATA seq=300. ACK=300
[RUDP-GBN] Recebido em ordem DATA seq=301. ACK=301
[RUDP-GBN] Recebido em ordem DATA seq=302. ACK=302
[RUDP-GBN] Recebido em ordem DATA seq=303. ACK=303
[RUDP-GBN] Recebido em ordem DATA seq=304. ACK=304
[RUDP-GBN] Recebido em ordem DATA seq=305. ACK=305
[RUDP-GBN] Recebido em ordem DATA seq=306. ACK=306
[RUDP-GBN] Recebido em ordem DATA seq=307. ACK=307
[RUDP-GBN] Recebido em ordem DATA seq=308. ACK=308
[RUDP-GBN] Recebido em ordem DATA seq=309. ACK=309
[RUDP-GBN] Recebido em ordem DATA seq=310. ACK=310
[RUDP-GBN] Recebido em ordem DATA seq=311. ACK=311
[RUDP-GBN] Recebido em ordem DATA seq=312. ACK=312
[RUDP-GBN] Recebido em ordem DATA seq=313. ACK=313
[RUDP-GBN] Recebido em ordem DATA seq=314. ACK=314
[RUDP-GBN] Recebido em ordem DATA seq=315. ACK=315
[RUDP-GBN] Recebido em ordem DATA seq=316. ACK=316
[RUDP-GBN] Recebido em ordem DATA seq=317. ACK=317
[RUDP-GBN] Recebido em ordem DATA seq=318. ACK=318
[RUDP-GBN] Recebido em ordem DATA seq=319. ACK=319
[RUDP-GBN] Recebido em ordem DATA seq=320. ACK=320
[RUDP-GBN] Recebido em ordem DATA seq=321. ACK=321
[RUDP-GBN] Recebido em ordem DATA seq=322. ACK=322
[RUDP-GBN] Recebido em ordem DATA seq=323. ACK=323
[RUDP-GBN] Recebido em ordem DATA seq=324. ACK=324
[RUDP-GBN] Recebido em ordem DATA seq=325. ACK=325
[RUDP-GBN] Recebido em ordem DATA seq=326. ACK=326
[RUDP-GBN] Recebido em ordem DATA seq=327. ACK=327
[RUDP-GBN] Recebido em ordem DATA seq=328. ACK=328
[RUDP-GBN] Recebido em ordem DATA seq=329. ACK=329
[RUDP-GBN] Recebido em ordem DATA seq=330. ACK=330
[RUDP-GBN] Recebido em ordem DATA seq=331. ACK=331
[RUDP-GBN] Recebido em ordem DATA seq=332. ACK=332
[RUDP-GBN] Recebido em ordem DATA seq=333. ACK=333
[RUDP-GBN] Recebido em ordem DATA seq=334. ACK=334
[RUDP-GBN] Recebido em ordem DATA seq=335. ACK=335
[RUDP-GBN] Recebido em ordem DATA seq=336. ACK=336
[RUDP-GBN] Recebido em ordem DATA seq=337. ACK=337
[RUDP-GBN] Recebido em ordem DATA seq=338. ACK=338
[RUDP-GBN] Recebido em ordem DATA seq=339. ACK=339
[RUDP-GBN] Recebido em ordem DATA seq=340. ACK=340
[RUDP-GBN] Recebido em ordem DATA seq=341. ACK=341
[RUDP-GBN] Recebido em ordem DATA seq=342. ACK=342
[RUDP-GBN] Recebido em ordem DATA seq=343. ACK=343
[RUDP-GBN] Recebido em ordem DATA seq=344. ACK=344
[RUDP-GBN] Recebido em ordem DATA seq=345. ACK=345
[RUDP-GBN] Recebido em ordem DATA seq=346. ACK=346
[RUDP-GBN] Recebido em ordem DATA seq=347. ACK=347
[RUDP-GBN] Recebido em ordem DATA seq=348. ACK=348
[RUDP-GBN] Recebido em ordem DATA seq=349. ACK=349
[RUDP-GBN] Recebido em ordem DATA seq=350. ACK=350
[RUDP-GBN] Recebido em ordem DATA seq=351. ACK=351
[RUDP-GBN] Recebido em ordem DATA seq=352. ACK=352
[RUDP-GBN] Recebido em ordem DATA seq=353. ACK=353
[RUDP-GBN] Recebido em ordem DATA seq=354. ACK=354
[RUDP-GBN] Recebido em ordem DATA seq=355. ACK=355
[RUDP-GBN] Recebido em ordem DATA seq=356. ACK=356
[RUDP-GBN] Recebido em ordem DATA seq=357. ACK=357
[RUDP-GBN] Recebido em ordem DATA seq=358. ACK=358
[RUDP-GBN] Recebido em ordem DATA seq=359. ACK=359
[RUDP-GBN] Recebido em ordem DATA seq=360. ACK=360
[RUDP-GBN] Recebido em ordem DATA seq=361. ACK=361
[RUDP-GBN] Recebido em ordem DATA seq=362. ACK=362
[RUDP-GBN] Recebido em ordem DATA seq=363. ACK=363
[RUDP-GBN] Recebido em ordem DATA seq=364. ACK=364
[RUDP-GBN] Recebido em ordem DATA seq=365. ACK=365
[RUDP-GBN] Recebido em ordem DATA seq=366. ACK=366
[RUDP-GBN] Recebido em ordem DATA seq=367. ACK=367
[RUDP-GBN] Recebido em ordem DATA seq=368. ACK=368
[RUDP-GBN] Recebido em ordem DATA seq=369. ACK=369
[RUDP-GBN] Recebido em ordem DATA seq=370. ACK=370
[RUDP-GBN] Recebido em ordem DATA seq=371. ACK=371
[RUDP-GBN] Recebido em ordem DATA seq=372. ACK=372
[RUDP-GBN] Recebido em ordem DATA seq=373. ACK=373
[RUDP-GBN] Recebido em ordem DATA seq=374. ACK=374
[RUDP-GBN] Recebido em ordem DATA seq=375. ACK=375
[RUDP-GBN] Recebido em ordem DATA seq=376. ACK=376
[RUDP-GBN] Recebido em ordem DATA seq=377. ACK=377
[RUDP-GBN] Recebido em ordem DATA seq=378. ACK=378
[RUDP-GBN] Recebido em ordem DATA seq=379. ACK=379
[RUDP-GBN] Recebido em ordem DATA seq=380. ACK=380
[RUDP-GBN] Recebido em ordem DATA seq=381. ACK=381
[RUDP-GBN] Recebido em ordem DATA seq=382. ACK=382
[RUDP-GBN] Recebido em ordem DATA seq=383. ACK=383
[RUDP-GBN] Recebido em ordem DATA seq=384. ACK=384
[RUDP-GBN] Recebido em ordem DATA seq=385. ACK=385
[RUDP-GBN] Recebido em ordem DATA seq=386. ACK=386
[RUDP-GBN] Recebido em ordem DATA seq=387. ACK=387
[RUDP-GBN] Recebido em ordem DATA seq=388. ACK=388
[RUDP-GBN] Recebido em ordem DATA seq=389. ACK=389
[RUDP-GBN] Recebido em ordem DATA seq=390. ACK=390
[RUDP-GBN] Recebido em ordem DATA seq=391. ACK=391
[RUDP-GBN] Recebido em ordem DATA seq=392. ACK=392
[RUDP-GBN] Recebido em ordem DATA seq=393. ACK=393
[RUDP-GBN] Recebido em ordem DATA seq=394. ACK=394
[RUDP-GBN] Recebido em ordem DATA seq=395. ACK=395
[RUDP-GBN] Recebido em ordem DATA seq=396. ACK=396
[RUDP-GBN] Recebido em ordem DATA seq=397. ACK=397
[RUDP-GBN] Recebido em ordem DATA seq=398. ACK=398
[RUDP-GBN] Recebido em ordem DATA seq=399. ACK=399
[RUDP-GBN] Recebido em ordem DATA seq=400. ACK=400
[RUDP-GBN] Recebido em ordem DATA seq=401. ACK=401
[RUDP-GBN] Recebido em ordem DATA seq=402. ACK=402
[RUDP-GBN] Recebido em ordem DATA seq=403. ACK=403
[RUDP-GBN] Recebido em ordem DATA seq=404. ACK=404
[RUDP-GBN] Recebido em ordem DATA seq=405. ACK=405
[RUDP-GBN] Recebido em ordem DATA seq=406. ACK=406
[RUDP-GBN] Recebido em ordem DATA seq=407. ACK=407
[RUDP-GBN] Recebido em ordem DATA seq=408. ACK=408
[RUDP-GBN] Recebido em ordem DATA seq=409. ACK=409
[RUDP-GBN] Recebido em ordem DATA seq=410. ACK=410
[RUDP-GBN] Recebido em ordem DATA seq=411. ACK=411
[RUDP-GBN] Recebido em ordem DATA seq=412. ACK=412
[RUDP-GBN] Recebido em ordem DATA seq=413. ACK=413
[RUDP-GBN] Recebido em ordem DATA seq=414. ACK=414
[RUDP-GBN] Recebido em ordem DATA seq=415. ACK=415
[RUDP-GBN] Recebido em ordem DATA seq=416. ACK=416
[RUDP-GBN] Recebido em ordem DATA seq=417. ACK=417
[RUDP-GBN] Recebido em ordem DATA seq=418. ACK=418
[RUDP-GBN] Recebido em ordem DATA seq=419. ACK=419
[RUDP-GBN] Recebido em ordem DATA seq=420. ACK=420
[RUDP-GBN] Recebido em ordem DATA seq=421. ACK=421
[RUDP-GBN] Recebido em ordem DATA seq=422. ACK=422
[RUDP-GBN] Recebido em ordem DATA seq=423. ACK=423
[RUDP-GBN] Recebido em ordem DATA seq=424. ACK=424
[RUDP-GBN] Recebido em ordem DATA seq=425. ACK=425
[RUDP-GBN] Recebido em ordem DATA seq=426. ACK=426
[RUDP-GBN] Recebido em ordem DATA seq=427. ACK=427
[RUDP-GBN] Recebido em ordem DATA seq=428. ACK=428
[RUDP-GBN] Recebido em ordem DATA seq=429. ACK=429
[RUDP-GBN] Recebido em ordem DATA seq=430. ACK=430
[RUDP-GBN] Recebido em ordem DATA seq=431. ACK=431
[RUDP-GBN] Recebido em ordem DATA seq=432. ACK=432
[RUDP-GBN] Recebido em ordem DATA seq=433. ACK=433
[RUDP-GBN] Recebido em ordem DATA seq=434. ACK=434
[RUDP-GBN] Recebido em ordem DATA seq=435. ACK=435
[RUDP-GBN] Recebido em ordem DATA seq=436. ACK=436
[RUDP-GBN] Recebido em ordem DATA seq=437. ACK=437
[RUDP-GBN] Recebido em ordem DATA seq=438. ACK=438
[RUDP-GBN] Recebido em ordem DATA seq=439. ACK=439
[RUDP-GBN] Recebido em ordem DATA seq=440. ACK=440
[RUDP-GBN] Recebido em ordem DATA seq=441. ACK=441
[RUDP-GBN] Recebido em ordem DATA seq=442. ACK=442
[RUDP-GBN] Recebido em ordem DATA seq=443. ACK=443
[RUDP-GBN] Recebido em ordem DATA seq=444. ACK=444
[RUDP-GBN] Recebido em ordem DATA seq=445. ACK=445
[RUDP-GBN] Recebido em ordem DATA seq=446. ACK=446
[RUDP-GBN] Recebido em ordem DATA seq=447. ACK=447
[RUDP-GBN] Recebido em ordem DATA seq=448. ACK=448
[RUDP-GBN] Recebido em ordem DATA seq=449. ACK=449
[RUDP-GBN] Recebido em ordem DATA seq=450. ACK=450
[RUDP-GBN] Recebido em ordem DATA seq=451. ACK=451
[RUDP-GBN] Recebido em ordem DATA seq=452. ACK=452
[RUDP-GBN] Recebido em ordem DATA seq=453. ACK=453
[RUDP-GBN] Recebido em ordem DATA seq=454. ACK=454
[RUDP-GBN] Recebido em ordem DATA seq=455. ACK=455
[RUDP-GBN] Recebido em ordem DATA seq=456. ACK=456
[RUDP-GBN] Recebido em ordem DATA seq=457. ACK=457
[RUDP-GBN] Recebido em ordem DATA seq=458. ACK=458
[RUDP-GBN] Recebido em ordem DATA seq=459. ACK=459
[RUDP-GBN] Recebido em ordem DATA seq=460. ACK=460
[RUDP-GBN] Recebido em ordem DATA seq=461. ACK=461
[RUDP-GBN] Recebido em ordem DATA seq=462. ACK=462
[RUDP-GBN] Recebido em ordem DATA seq=463. ACK=463
[RUDP-GBN] Recebido em ordem DATA seq=464. ACK=464
[RUDP-GBN] Recebido em ordem DATA seq=465. ACK=465
[RUDP-GBN] Recebido em ordem DATA seq=466. ACK=466
[RUDP-GBN] Recebido em ordem DATA seq=467. ACK=467
[RUDP-GBN] Recebido em ordem DATA seq=468. ACK=468
[RUDP-GBN] Recebido em ordem DATA seq=469. ACK=469
[RUDP-GBN] Recebido em ordem DATA seq=470. ACK=470
[RUDP-GBN] Recebido em ordem DATA seq=471. ACK=471
[RUDP-GBN] Recebido em ordem DATA seq=472. ACK=472
[RUDP-GBN] Recebido em ordem DATA seq=473. ACK=473
[RUDP-GBN] Recebido em ordem DATA seq=474. ACK=474
[RUDP-GBN] Recebido em ordem DATA seq=475. ACK=475
[RUDP-GBN] Recebido em ordem DATA seq=476. ACK=476
[RUDP-GBN] Recebido em ordem DATA seq=477. ACK=477
[RUDP-GBN] Recebido em ordem DATA seq=478. ACK=478
[RUDP-GBN] Recebido em ordem DATA seq=479. ACK=479
[RUDP-GBN] Recebido em ordem DATA seq=480. ACK=480
[RUDP-GBN] Recebido em ordem DATA seq=481. ACK=481
[RUDP-GBN] Recebido em ordem DATA seq=482. ACK=482
[RUDP-GBN] Recebido em ordem DATA seq=483. ACK=483
[RUDP-GBN] Recebido em ordem DATA seq=484. ACK=484
[RUDP-GBN] Recebido em ordem DATA seq=485. ACK=485
[RUDP-GBN] Recebido em ordem DATA seq=486. ACK=486
[RUDP-GBN] Recebido em ordem DATA seq=487. ACK=487
[RUDP-GBN] Recebido em ordem DATA seq=488. ACK=488
[RUDP-GBN] Recebido em ordem DATA seq=489. ACK=489
[RUDP-GBN] Recebido em ordem DATA seq=490. ACK=490
[RUDP-GBN] Recebido em ordem DATA seq=491. ACK=491
[RUDP-GBN] Recebido em ordem DATA seq=492. ACK=492
[RUDP-GBN] Recebido em ordem DATA seq=493. ACK=493
[RUDP-GBN] Recebido em ordem DATA seq=494. ACK=494
[RUDP-GBN] Recebido em ordem DATA seq=495. ACK=495
[RUDP-GBN] Recebido em ordem DATA seq=496. ACK=496
[RUDP-GBN] Recebido em ordem DATA seq=497. ACK=497
[RUDP-GBN] Recebido em ordem DATA seq=498. ACK=498
[RUDP-GBN] Recebido em ordem DATA seq=499. ACK=499
[RUDP-GBN] Recebido em ordem DATA seq=500. ACK=500
[RUDP-GBN] Recebido em ordem DATA seq=501. ACK=501
[RUDP-GBN] Recebido em ordem DATA seq=502. ACK=502
[RUDP-GBN] Recebido em ordem DATA seq=503. ACK=503
[RUDP-GBN] Recebido em ordem DATA seq=504. ACK=504
[RUDP-GBN] Recebido em ordem DATA seq=505. ACK=505
[RUDP-GBN] Recebido em ordem DATA seq=506. ACK=506
[RUDP-GBN] Recebido em ordem DATA seq=507. ACK=507
[RUDP-GBN] Recebido em ordem DATA seq=508. ACK=508
[RUDP-GBN] Recebido em ordem DATA seq=509. ACK=509
[RUDP-GBN] Recebido em ordem DATA seq=510. ACK=510
[RUDP-GBN] Recebido em ordem DATA seq=511. ACK=511
[RUDP-GBN] Recebido em ordem DATA seq=512. ACK=512
[RUDP-GBN] Recebido em ordem DATA seq=513. ACK=513
[RUDP-GBN] Recebido em ordem DATA seq=514. ACK=514
[RUDP-GBN] Recebido em ordem DATA seq=515. ACK=515
[RUDP-GBN] Recebido em ordem DATA seq=516. ACK=516
[RUDP-GBN] Recebido em ordem DATA seq=517. ACK=517
[RUDP-GBN] Recebido em ordem DATA seq=518. ACK=518
[RUDP-GBN] Recebido em ordem DATA seq=519. ACK=519
[RUDP-GBN] Recebido em ordem DATA seq=520. ACK=520
[RUDP-GBN] Recebido em ordem DATA seq=521. ACK=521
[RUDP-GBN] Recebido em ordem DATA seq=522. ACK=522
[RUDP-GBN] Recebido em ordem DATA seq=523. ACK=523
[RUDP-GBN] Recebido em ordem DATA seq=524. ACK=524
[RUDP-GBN] Recebido em ordem DATA seq=525. ACK=525
[RUDP-GBN] Recebido em ordem DATA seq=526. ACK=526
[RUDP-GBN] Recebido em ordem DATA seq=527. ACK=527
[RUDP-GBN] Recebido em ordem DATA seq=528. ACK=528
[RUDP-GBN] Recebido em ordem DATA seq=529. ACK=529
[RUDP-GBN] Recebido em ordem DATA seq=530. ACK=530
[RUDP-GBN] Recebido em ordem DATA seq=531. ACK=531
[RUDP-GBN] Recebido em ordem DATA seq=532. ACK=532
[RUDP-GBN] Recebido em ordem DATA seq=533. ACK=533
[RUDP-GBN] Recebido em ordem DATA seq=534. ACK=534
[RUDP-GBN] Recebido em ordem DATA seq=535. ACK=535
[RUDP-GBN] Recebido em ordem DATA seq=536. ACK=536
[RUDP-GBN] Recebido em ordem DATA seq=537. ACK=537
[RUDP-GBN] Recebido em ordem DATA seq=538. ACK=538
[RUDP-GBN] Recebido em ordem DATA seq=539. ACK=539
[RUDP-GBN] Recebido em ordem DATA seq=540. ACK=540
[RUDP-GBN] Recebido em ordem DATA seq=541. ACK=541
[RUDP-GBN] Recebido em ordem DATA seq=542. ACK=542
[RUDP-GBN] Recebido em ordem DATA seq=543. ACK=543
[RUDP-GBN] Recebido em ordem DATA seq=544. ACK=544
[RUDP-GBN] Recebido em ordem DATA seq=545. ACK=545
[RUDP-GBN] Recebido em ordem DATA seq=546. ACK=546
[RUDP-GBN] Recebido em ordem DATA seq=547. ACK=547
[RUDP-GBN] Recebido em ordem DATA seq=548. ACK=548
[RUDP-GBN] Recebido em ordem DATA seq=549. ACK=549
[RUDP-GBN] Recebido em ordem DATA seq=550. ACK=550
[RUDP-GBN] Recebido em ordem DATA seq=551. ACK=551
[RUDP-GBN] Recebido em ordem DATA seq=552. ACK=552
[RUDP-GBN] Recebido em ordem DATA seq=553. ACK=553
[RUDP-GBN] Recebido em ordem DATA seq=554. ACK=554
[RUDP-GBN] Recebido em ordem DATA seq=555. ACK=555
[RUDP-GBN] Recebido em ordem DATA seq=556. ACK=556
[RUDP-GBN] Recebido em ordem DATA seq=557. ACK=557
[RUDP-GBN] Recebido em ordem DATA seq=558. ACK=558
[RUDP-GBN] Recebido em ordem DATA seq=559. ACK=559
[RUDP-GBN] Recebido em ordem DATA seq=560. ACK=560
[RUDP-GBN] Recebido em ordem DATA seq=561. ACK=561
[RUDP-GBN] Recebido em ordem DATA seq=562. ACK=562
[RUDP-GBN] Recebido em ordem DATA seq=563. ACK=563
[RUDP-GBN] Recebido em ordem DATA seq=564. ACK=564
[RUDP-GBN] Recebido em ordem DATA seq=565. ACK=565
[RUDP-GBN] Recebido em ordem DATA seq=566. ACK=566
[RUDP-GBN] Recebido em ordem DATA seq=567. ACK=567
[RUDP-GBN] Recebido em ordem DATA seq=568. ACK=568
[RUDP-GBN] Recebido em ordem DATA seq=569. ACK=569
[RUDP-GBN] Recebido em ordem DATA seq=570. ACK=570
[RUDP-GBN] Recebido em ordem DATA seq=571. ACK=571
[RUDP-GBN] Recebido em ordem DATA seq=572. ACK=572
[RUDP-GBN] Recebido em ordem DATA seq=573. ACK=573
[RUDP-GBN] Recebido em ordem DATA seq=574. ACK=574
[RUDP-GBN] Recebido em ordem DATA seq=575. ACK=575
[RUDP-GBN] Recebido em ordem DATA seq=576. ACK=576
[RUDP-GBN] Recebido em ordem DATA seq=577. ACK=577
[RUDP-GBN] Recebido em ordem DATA seq=578. ACK=578
[RUDP-GBN] Recebido em ordem DATA seq=579. ACK=579
[RUDP-GBN] Recebido em ordem DATA seq=580. ACK=580
[RUDP-GBN] Recebido em ordem DATA seq=581. ACK=581
[RUDP-GBN] Recebido em ordem DATA seq=582. ACK=582
[RUDP-GBN] Recebido em ordem DATA seq=583. ACK=583
[RUDP-GBN] Recebido em ordem DATA seq=584. ACK=584
[RUDP-GBN] Recebido em ordem DATA seq=585. ACK=585
[RUDP-GBN] Recebido em ordem DATA seq=586. ACK=586
[RUDP-GBN] Recebido em ordem DATA seq=587. ACK=587
[RUDP-GBN] Recebido em ordem DATA seq=588. ACK=588
[RUDP-GBN] Recebido em ordem DATA seq=589. ACK=589
[RUDP-GBN] Recebido em ordem DATA seq=590. ACK=590
[RUDP-GBN] Recebido em ordem DATA seq=591. ACK=591
[RUDP-GBN] Recebido em ordem DATA seq=592. ACK=592
[RUDP-GBN] Recebido em ordem DATA seq=593. ACK=593
[RUDP-GBN] Recebido em ordem DATA seq=594. ACK=594
[RUDP-GBN] Recebido em ordem DATA seq=595. ACK=595
[RUDP-GBN] Recebido em ordem DATA seq=596. ACK=596
[RUDP-GBN] Recebido em ordem DATA seq=597. ACK=597
[RUDP-GBN] Recebido em ordem DATA seq=598. ACK=598
[RUDP-GBN] Recebido em ordem DATA seq=599. ACK=599
[RUDP-GBN] Recebido em ordem DATA seq=600. ACK=600
[RUDP-GBN] Recebido em ordem DATA seq=601. ACK=601
[RUDP-GBN] Recebido em ordem DATA seq=602. ACK=602
[RUDP-GBN] Recebido em ordem DATA seq=603. ACK=603
[RUDP-GBN] Recebido em ordem DATA seq=604. ACK=604
[RUDP-GBN] Recebido em ordem DATA seq=605. ACK=605
[RUDP-GBN] Recebido em ordem DATA seq=606. ACK=606
[RUDP-GBN] Recebido em ordem DATA seq=607. ACK=607
[RUDP-GBN] Recebido em ordem DATA seq=608. ACK=608
[RUDP-GBN] Recebido em ordem DATA seq=609. ACK=609
[RUDP-GBN] Recebido em ordem DATA seq=610. ACK=610
[RUDP-GBN] Recebido em ordem DATA seq=611. ACK=611
[RUDP-GBN] Recebido em ordem DATA seq=612. ACK=612
[RUDP-GBN] Recebido em ordem DATA seq=613. ACK=613
[RUDP-GBN] Recebido em ordem DATA seq=614. ACK=614
[RUDP-GBN] Recebido em ordem DATA seq=615. ACK=615
[RUDP-GBN] Recebido em ordem DATA seq=616. ACK=616
[RUDP-GBN] Recebido em ordem DATA seq=617. ACK=617
[RUDP-GBN] Recebido em ordem DATA seq=618. ACK=618
[RUDP-GBN] Recebido em ordem DATA seq=619. ACK=619
[RUDP-GBN] Recebido em ordem DATA seq=620. ACK=620
[RUDP-GBN] Recebido em ordem DATA seq=621. ACK=621
[RUDP-GBN] Recebido em ordem DATA seq=622. ACK=622
[RUDP-GBN] Recebido em ordem DATA seq=623. ACK=623
[RUDP-GBN] Recebido em ordem DATA seq=624. ACK=624
[RUDP-GBN] Recebido em ordem DATA seq=625. ACK=625
[RUDP-GBN] Recebido em ordem DATA seq=626. ACK=626
[RUDP-GBN] Recebido em ordem DATA seq=627. ACK=627
[RUDP-GBN] Recebido em ordem DATA seq=628. ACK=628
[RUDP-GBN] Recebido em ordem DATA seq=629. ACK=629
[RUDP-GBN] Recebido em ordem DATA seq=630. ACK=630
[RUDP-GBN] Recebido em ordem DATA seq=631. ACK=631
[RUDP-GBN] Recebido em ordem DATA seq=632. ACK=632
[RUDP-GBN] Recebido em ordem DATA seq=633. ACK=633
[RUDP-GBN] Recebido em ordem DATA seq=634. ACK=634
[RUDP-GBN] Recebido em ordem DATA seq=635. ACK=635
[RUDP-GBN] Recebido em ordem DATA seq=636. ACK=636
[RUDP-GBN] Recebido em ordem DATA seq=637. ACK=637
[RUDP-GBN] Recebido em ordem DATA seq=638. ACK=638
[RUDP-GBN] Recebido em ordem DATA seq=639. ACK=639
[RUDP-GBN] Recebido em ordem DATA seq=640. ACK=640
[RUDP-GBN] Recebido em ordem DATA seq=641. ACK=641
[RUDP-GBN] Recebido em ordem DATA seq=642. ACK=642
[RUDP-GBN] Recebido em ordem DATA seq=643. ACK=643
[RUDP-GBN] Recebido em ordem DATA seq=644. ACK=644
[RUDP-GBN] Recebido em ordem DATA seq=645. ACK=645
[RUDP-GBN] Recebido em ordem DATA seq=646. ACK=646
[RUDP-GBN] Recebido em ordem DATA seq=647. ACK=647
[RUDP-GBN] Recebido em ordem DATA seq=648. ACK=648
[RUDP-GBN] Recebido em ordem DATA seq=649. ACK=649
[RUDP-GBN] Recebido em ordem DATA seq=650. ACK=650
[RUDP-GBN] Recebido em ordem DATA seq=651. ACK=651
[RUDP-GBN] Recebido em ordem DATA seq=652. ACK=652
[RUDP-GBN] Recebido em ordem DATA seq=653. ACK=653
[RUDP-GBN] Recebido em ordem DATA seq=654. ACK=654
[RUDP-GBN] Recebido em ordem DATA seq=655. ACK=655
[RUDP-GBN] Recebido em ordem DATA seq=656. ACK=656
[RUDP-GBN] Recebido em ordem DATA seq=657. ACK=657
[RUDP-GBN] Recebido em ordem DATA seq=658. ACK=658
[RUDP-GBN] Recebido em ordem DATA seq=659. ACK=659
[RUDP-GBN] Recebido em ordem DATA seq=660. ACK=660
[RUDP-GBN] Recebido em ordem DATA seq=661. ACK=661
[RUDP-GBN] Recebido em ordem DATA seq=662. ACK=662
[RUDP-GBN] Recebido em ordem DATA seq=663. ACK=663
[RUDP-GBN] Recebido em ordem DATA seq=664. ACK=664
[RUDP-GBN] Recebido em ordem DATA seq=665. ACK=665
[RUDP-GBN] Recebido em ordem DATA seq=666. ACK=666
[RUDP-GBN] Recebido em ordem DATA seq=667. ACK=667
[RUDP-GBN] Recebido em ordem DATA seq=668. ACK=668
[RUDP-GBN] Recebido em ordem DATA seq=669. ACK=669
[RUDP-GBN] Recebido em ordem DATA seq=670. ACK=670
[RUDP-GBN] Recebido em ordem DATA seq=671. ACK=671
[RUDP-GBN] Recebido em ordem DATA seq=672. ACK=672
[RUDP-GBN] Recebido em ordem DATA seq=673. ACK=673
[RUDP-GBN] Recebido em ordem DATA seq=674. ACK=674
[RUDP-GBN] Recebido em ordem DATA seq=675. ACK=675
[RUDP-GBN] Recebido em ordem DATA seq=676. ACK=676
[RUDP-GBN] Recebido em ordem DATA seq=677. ACK=677
[RUDP-GBN] Recebido em ordem DATA seq=678. ACK=678
[RUDP-GBN] Recebido em ordem DATA seq=679. ACK=679
[RUDP-GBN] Recebido em ordem DATA seq=680. ACK=680
[RUDP-GBN] Recebido em ordem DATA seq=681. ACK=681
[RUDP-GBN] Recebido em ordem DATA seq=682. ACK=682
[RUDP-GBN] Recebido em ordem DATA seq=683. ACK=683
[RUDP-GBN] Recebido em ordem DATA seq=684. ACK=684
[RUDP-GBN] Recebido em ordem DATA seq=685. ACK=685
[RUDP-GBN] Recebido em ordem DATA seq=686. ACK=686
[RUDP-GBN] Recebido em ordem DATA seq=687. ACK=687
[RUDP-GBN] Recebido em ordem DATA seq=688. ACK=688
[RUDP-GBN] Recebido em ordem DATA seq=689. ACK=689
[RUDP-GBN] Recebido em ordem DATA seq=690. ACK=690
[RUDP-GBN] Recebido em ordem DATA seq=691. ACK=691
[RUDP-GBN] Recebido em ordem DATA seq=692. ACK=692
[RUDP-GBN] Recebido em ordem DATA seq=693. ACK=693
[RUDP-GBN] Recebido em ordem DATA seq=694. ACK=694
[RUDP-GBN] Recebido em ordem DATA seq=695. ACK=695
[RUDP-GBN] Recebido em ordem DATA seq=696. ACK=696
[RUDP-GBN] Recebido em ordem DATA seq=697. ACK=697
[RUDP-GBN] Recebido em ordem DATA seq=698. ACK=698
[RUDP-GBN] Recebido em ordem DATA seq=699. ACK=699
[RUDP-GBN] Recebido em ordem DATA seq=700. ACK=700
[RUDP-GBN] Recebido em ordem DATA seq=701. ACK=701
[RUDP-GBN] Recebido em ordem DATA seq=702. ACK=702
[RUDP-GBN] Recebido em ordem DATA seq=703. ACK=703
[RUDP-GBN] Recebido em ordem DATA seq=704. ACK=704
[RUDP-GBN] Recebido em ordem DATA seq=705. ACK=705
[RUDP-GBN] Recebido em ordem DATA seq=706. ACK=706
[RUDP-GBN] Recebido em ordem DATA seq=707. ACK=707
[RUDP-GBN] Recebido em ordem DATA seq=708. ACK=708
[RUDP-GBN] Recebido em ordem DATA seq=709. ACK=709
[RUDP-GBN] Recebido em ordem DATA seq=710. ACK=710
[RUDP-GBN] Recebido em ordem DATA seq=711. ACK=711
[RUDP-GBN] Recebido em ordem DATA seq=712. ACK=712
[RUDP-GBN] Recebido em ordem DATA seq=713. ACK=713
[RUDP-GBN] Recebido em ordem DATA seq=714. ACK=714
[RUDP-GBN] Recebido em ordem DATA seq=715. ACK=715
[RUDP-GBN] Recebido em ordem DATA seq=716. ACK=716
[RUDP-GBN] Recebido em ordem DATA seq=717. ACK=717
[RUDP-GBN] Recebido em ordem DATA seq=718. ACK=718
[RUDP-GBN] Recebido em ordem DATA seq=719. ACK=719
[RUDP-GBN] Recebido em ordem DATA seq=720. ACK=720
[RUDP-GBN] Recebido em ordem DATA seq=721. ACK=721
[RUDP-GBN] Recebido em ordem DATA seq=722. ACK=722
[RUDP-GBN] Recebido em ordem DATA seq=723. ACK=723
[RUDP-GBN] Recebido em ordem DATA seq=724. ACK=724
[RUDP-GBN] Recebido em ordem DATA seq=725. ACK=725
[RUDP-GBN] Recebido em ordem DATA seq=726. ACK=726
[RUDP-GBN] Recebido em ordem DATA seq=727. ACK=727
[RUDP-GBN] Recebido em ordem DATA seq=728. ACK=728
[RUDP-GBN] Recebido em ordem DATA seq=729. ACK=729
[RUDP-GBN] Recebido em ordem DATA seq=730. ACK=730
[RUDP-GBN] Recebido em ordem DATA seq=731. ACK=731
[RUDP-GBN] Recebido em ordem DATA seq=732. ACK=732
[RUDP-GBN] Recebido em ordem DATA seq=733. ACK=733
[RUDP-GBN] Recebido em ordem DATA seq=734. ACK=734
[RUDP-GBN] Recebido em ordem DATA seq=735. ACK=735
[RUDP-GBN] Recebido em ordem DATA seq=736. ACK=736
[RUDP-GBN] Recebido em ordem DATA seq=737. ACK=737
[RUDP-GBN] Recebido em ordem DATA seq=738. ACK=738
[RUDP-GBN] Recebido em ordem DATA seq=739. ACK=739
[RUDP-GBN] Recebido em ordem DATA seq=740. ACK=740
[RUDP-GBN] Recebido em ordem DATA seq=741. ACK=741
[RUDP-GBN] Recebido em ordem DATA seq=742. ACK=742
[RUDP-GBN] Recebido em ordem DATA seq=743. ACK=743
[RUDP-GBN] Recebido em ordem DATA seq=744. ACK=744
[RUDP-GBN] Recebido em ordem DATA seq=745. ACK=745
[RUDP-GBN] Recebido em ordem DATA seq=746. ACK=746
[RUDP-GBN] Recebido em ordem DATA seq=747. ACK=747
[RUDP-GBN] Recebido em ordem DATA seq=748. ACK=748
[RUDP-GBN] Recebido em ordem DATA seq=749. ACK=749
[RUDP-GBN] Recebido em ordem DATA seq=750. ACK=750
[RUDP-GBN] Recebido em ordem DATA seq=751. ACK=751
[RUDP-GBN] Recebido em ordem DATA seq=752. ACK=752
[RUDP-GBN] Recebido em ordem DATA seq=753. ACK=753
[RUDP-GBN] Recebido em ordem DATA seq=754. ACK=754
[RUDP-GBN] Recebido em ordem DATA seq=755. ACK=755
[RUDP-GBN] Recebido em ordem DATA seq=756. ACK=756
[RUDP-GBN] Recebido em ordem DATA seq=757. ACK=757
[RUDP-GBN] Recebido em ordem DATA seq=758. ACK=758
[RUDP-GBN] Recebido em ordem DATA seq=759. ACK=759
[RUDP-GBN] Recebido em ordem DATA seq=760. ACK=760
[RUDP-GBN] Recebido em ordem DATA seq=761. ACK=761
[RUDP-GBN] Recebido em ordem DATA seq=762. ACK=762
[RUDP-GBN] Recebido em ordem DATA seq=763. ACK=763
[RUDP-GBN] Recebido em ordem DATA seq=764. ACK=764
[RUDP-GBN] Recebido em ordem DATA seq=765. ACK=765
[RUDP-GBN] Recebido em ordem DATA seq=766. ACK=766
[RUDP-GBN] Recebido em ordem DATA seq=767. ACK=767
[RUDP-GBN] Recebido em ordem DATA seq=768. ACK=768
[RUDP-GBN] Recebido em ordem DATA seq=769. ACK=769
[RUDP-GBN] Recebido em ordem DATA seq=770. ACK=770
[RUDP-GBN] Recebido em ordem DATA seq=771. ACK=771
[RUDP-GBN] Recebido em ordem DATA seq=772. ACK=772
[RUDP-GBN] Recebido em ordem DATA seq=773. ACK=773
[RUDP-GBN] Recebido em ordem DATA seq=774. ACK=774
[RUDP-GBN] Recebido em ordem DATA seq=775. ACK=775
[RUDP-GBN] Recebido em ordem DATA seq=776. ACK=776
[RUDP-GBN] Recebido em ordem DATA seq=777. ACK=777
[RUDP-GBN] Recebido em ordem DATA seq=778. ACK=778
[RUDP-GBN] Recebido em ordem DATA seq=779. ACK=779
[RUDP-GBN] Recebido em ordem DATA seq=780. ACK=780
[RUDP-GBN] Recebido em ordem DATA seq=781. ACK=781
[RUDP-GBN] Recebido em ordem DATA seq=782. ACK=782
[RUDP-GBN] Recebido em ordem DATA seq=783. ACK=783
[RUDP-GBN] Recebido em ordem DATA seq=784. ACK=784
[RUDP-GBN] Recebido em ordem DATA seq=785. ACK=785
[RUDP-GBN] Recebido em ordem DATA seq=786. ACK=786
[RUDP-GBN] Recebido em ordem DATA seq=787. ACK=787
[RUDP-GBN] Recebido em ordem DATA seq=788. ACK=788
[RUDP-GBN] Recebido em ordem DATA seq=789. ACK=789
[RUDP-GBN] Recebido em ordem DATA seq=790. ACK=790
[RUDP-GBN] Recebido em ordem DATA seq=791. ACK=791
[RUDP-GBN] Recebido em ordem DATA seq=792. ACK=792
[RUDP-GBN] Recebido em ordem DATA seq=793. ACK=793
[RUDP-GBN] Recebido em ordem DATA seq=794. ACK=794
[RUDP-GBN] Recebido em ordem DATA seq=795. ACK=795
[RUDP-GBN] Recebido em ordem DATA seq=796. ACK=796
[RUDP-GBN] Recebido em ordem DATA seq=797. ACK=797
[RUDP-GBN] Recebido em ordem DATA seq=798. ACK=798
[RUDP-GBN] Recebido em ordem DATA seq=799. ACK=799
[RUDP-GBN] Recebido em ordem DATA seq=800. ACK=800
[RUDP-GBN] Recebido em ordem DATA seq=801. ACK=801
[RUDP-GBN] Recebido em ordem DATA seq=802. ACK=802
[RUDP-GBN] Recebido em ordem DATA seq=803. ACK=803
[RUDP-GBN] Recebido em ordem DATA seq=804. ACK=804
[RUDP-GBN] Recebido em ordem DATA seq=805. ACK=805
[RUDP-GBN] Recebido em ordem DATA seq=806. ACK=806
[RUDP-GBN] Recebido em ordem DATA seq=807. ACK=807
[RUDP-GBN] Recebido em ordem DATA seq=808. ACK=808
[RUDP-GBN] Recebido em ordem DATA seq=809. ACK=809
[RUDP-GBN] Recebido em ordem DATA seq=810. ACK=810
[RUDP-GBN] Recebido em ordem DATA seq=811. ACK=811
[RUDP-GBN] Recebido em ordem DATA seq=812. ACK=812
[RUDP-GBN] Recebido em ordem DATA seq=813. ACK=813
[RUDP-GBN] Recebido em ordem DATA seq=814. ACK=814
[RUDP-GBN] Recebido em ordem DATA seq=815. ACK=815
[RUDP-GBN] Recebido em ordem DATA seq=816. ACK=816
[RUDP-GBN] Recebido em ordem DATA seq=817. ACK=817
[RUDP-GBN] Recebido em ordem DATA seq=818. ACK=818
[RUDP-GBN] Recebido em ordem DATA seq=819. ACK=819
[RUDP-GBN] Recebido em ordem DATA seq=820. ACK=820
[RUDP-GBN] Recebido em ordem DATA seq=821. ACK=821
[RUDP-GBN] Recebido em ordem DATA seq=822. ACK=822
[RUDP-GBN] Recebido em ordem DATA seq=823. ACK=823
[RUDP-GBN] Recebido em ordem DATA seq=824. ACK=824
[RUDP-GBN] Recebido em ordem DATA seq=825. ACK=825
[RUDP-GBN] Recebido em ordem DATA seq=826. ACK=826
[RUDP-GBN] Recebido em ordem DATA seq=827. ACK=827
[RUDP-GBN] Recebido em ordem DATA seq=828. ACK=828
[RUDP-GBN] Recebido em ordem DATA seq=829. ACK=829
[RUDP-GBN] Recebido em ordem DATA seq=830. ACK=830
[RUDP-GBN] Recebido em ordem DATA seq=831. ACK=831
[RUDP-GBN] Recebido em ordem DATA seq=832. ACK=832
[RUDP-GBN] Recebido em ordem DATA seq=833. ACK=833
[RUDP-GBN] Recebido em ordem DATA seq=834. ACK=834
[RUDP-GBN] Recebido em ordem DATA seq=835. ACK=835
[RUDP-GBN] Recebido em ordem DATA seq=836. ACK=836
[RUDP-GBN] Recebido em ordem DATA seq=837. ACK=837
[RUDP-GBN] Recebido em ordem DATA seq=838. ACK=838
[RUDP-GBN] Recebido em ordem DATA seq=839. ACK=839
[RUDP-GBN] Recebido em ordem DATA seq=840. ACK=840
[RUDP-GBN] Recebido em ordem DATA seq=841. ACK=841
[RUDP-GBN] Recebido em ordem DATA seq=842. ACK=842
[RUDP-GBN] Recebido em ordem DATA seq=843. ACK=843
[RUDP-GBN] Recebido em ordem DATA seq=844. ACK=844
[RUDP-GBN] Recebido em ordem DATA seq=845. ACK=845
[RUDP-GBN] Recebido em ordem DATA seq=846. ACK=846
[RUDP-GBN] Recebido em ordem DATA seq=847. ACK=847
[RUDP-GBN] Recebido em ordem DATA seq=848. ACK=848
[RUDP-GBN] Recebido em ordem DATA seq=849. ACK=849
[RUDP-GBN] Recebido em ordem DATA seq=850. ACK=850
[RUDP-GBN] Recebido em ordem DATA seq=851. ACK=851
[RUDP-GBN] Recebido em ordem DATA seq=852. ACK=852
[RUDP-GBN] Recebido em ordem DATA seq=853. ACK=853
[RUDP-GBN] Recebido em ordem DATA seq=854. ACK=854
[RUDP-GBN] Recebido em ordem DATA seq=855. ACK=855
[RUDP-GBN] Recebido em ordem DATA seq=856. ACK=856
[RUDP-GBN] Recebido em ordem DATA seq=857. ACK=857
[RUDP-GBN] Recebido em ordem DATA seq=858. ACK=858
[RUDP-GBN] Recebido em ordem DATA seq=859. ACK=859
[RUDP-GBN] Recebido em ordem DATA seq=860. ACK=860
[RUDP-GBN] Recebido em ordem DATA seq=861. ACK=861
[RUDP-GBN] Recebido em ordem DATA seq=862. ACK=862
[RUDP-GBN] Recebido em ordem DATA seq=863. ACK=863
[RUDP-GBN] Recebido em ordem DATA seq=864. ACK=864
[RUDP-GBN] Recebido em ordem DATA seq=865. ACK=865
[RUDP-GBN] Recebido em ordem DATA seq=866. ACK=866
[RUDP-GBN] Recebido em ordem DATA seq=867. ACK=867
[RUDP-GBN] Recebido em ordem DATA seq=868. ACK=868
[RUDP-GBN] Recebido em ordem DATA seq=869. ACK=869
[RUDP-GBN] Recebido em ordem DATA seq=870. ACK=870
[RUDP-GBN] Recebido em ordem DATA seq=871. ACK=871
[RUDP-GBN] Recebido em ordem DATA seq=872. ACK=872
[RUDP-GBN] Recebido em ordem DATA seq=873. ACK=873
[RUDP-GBN] Recebido em ordem DATA seq=874. ACK=874
[RUDP-GBN] Recebido em ordem DATA seq=875. ACK=875
[RUDP-GBN] Recebido em ordem DATA seq=876. ACK=876
[RUDP-GBN] Recebido em ordem DATA seq=877. ACK=877
[RUDP-GBN] Recebido em ordem DATA seq=878. ACK=878
[RUDP-GBN] Recebido em ordem DATA seq=879. ACK=879
[RUDP-GBN] Recebido em ordem DATA seq=880. ACK=880
[RUDP-GBN] Recebido em ordem DATA seq=881. ACK=881
[RUDP-GBN] Recebido em ordem DATA seq=882. ACK=882
[RUDP-GBN] Recebido em ordem DATA seq=883. ACK=883
[RUDP-GBN] Recebido em ordem DATA seq=884. ACK=884
[RUDP-GBN] Recebido em ordem DATA seq=885. ACK=885
[RUDP-GBN] Recebido em ordem DATA seq=886. ACK=886
[RUDP-GBN] Recebido em ordem DATA seq=887. ACK=887
[RUDP-GBN] Recebido em ordem DATA seq=888. ACK=888
[RUDP-GBN] Recebido em ordem DATA seq=889. ACK=889
[RUDP-GBN] Recebido em ordem DATA seq=890. ACK=890
[RUDP-GBN] Recebido em ordem DATA seq=891. ACK=891
[RUDP-GBN] Recebido em ordem DATA seq=892. ACK=892
[RUDP-GBN] Recebido em ordem DATA seq=893. ACK=893
[RUDP-GBN] Recebido em ordem DATA seq=894. ACK=894
[RUDP-GBN] Recebido em ordem DATA seq=895. ACK=895
[RUDP-GBN] Recebido em ordem DATA seq=896. ACK=896
[RUDP-GBN] Recebido em ordem DATA seq=897. ACK=897
[RUDP-GBN] Recebido em ordem DATA seq=898. ACK=898
[RUDP-GBN] Recebido em ordem DATA seq=899. ACK=899
[RUDP-GBN] Recebido em ordem DATA seq=900. ACK=900
[RUDP-GBN] Recebido em ordem DATA seq=901. ACK=901
[RUDP-GBN] Recebido em ordem DATA seq=902. ACK=902
[RUDP-GBN] Recebido em ordem DATA seq=903. ACK=903
[RUDP-GBN] Recebido em ordem DATA seq=904. ACK=904
[RUDP-GBN] Recebido em ordem DATA seq=905. ACK=905
[RUDP-GBN] Recebido em ordem DATA seq=906. ACK=906
[RUDP-GBN] Recebido em ordem DATA seq=907. ACK=907
[RUDP-GBN] Recebido em ordem DATA seq=908. ACK=908
[RUDP-GBN] Recebido em ordem DATA seq=909. ACK=909
[RUDP-GBN] Recebido em ordem DATA seq=910. ACK=910
[RUDP-GBN] Recebido em ordem DATA seq=911. ACK=911
[RUDP-GBN] Recebido em ordem DATA seq=912. ACK=912
[RUDP-GBN] Recebido em ordem DATA seq=913. ACK=913
[RUDP-GBN] Recebido em ordem DATA seq=914. ACK=914
[RUDP-GBN] Recebido em ordem DATA seq=915. ACK=915
[RUDP-GBN] Recebido em ordem DATA seq=916. ACK=916
[RUDP-GBN] Recebido em ordem DATA seq=917. ACK=917
[RUDP-GBN] Recebido em ordem DATA seq=918. ACK=918
[RUDP-GBN] Recebido em ordem DATA seq=919. ACK=919
[RUDP-GBN] Recebido em ordem DATA seq=920. ACK=920
[RUDP-GBN] Recebido em ordem DATA seq=921. ACK=921
[RUDP-GBN] Recebido em ordem DATA seq=922. ACK=922
[RUDP-GBN] Recebido em ordem DATA seq=923. ACK=923
[RUDP-GBN] Recebido em ordem DATA seq=924. ACK=924
[RUDP-GBN] Recebido em ordem DATA seq=925. ACK=925
[RUDP-GBN] Recebido em ordem DATA seq=926. ACK=926
[RUDP-GBN] Recebido em ordem DATA seq=927. ACK=927
[RUDP-GBN] Recebido em ordem DATA seq=928. ACK=928
[RUDP-GBN] Recebido em ordem DATA seq=929. ACK=929
[RUDP-GBN] Recebido em ordem DATA seq=930. ACK=930
[RUDP-GBN] Recebido em ordem DATA seq=931. ACK=931
[RUDP-GBN] Recebido em ordem DATA seq=932. ACK=932
[RUDP-GBN] Recebido em ordem DATA seq=933. ACK=933
[RUDP-GBN] Recebido em ordem DATA seq=934. ACK=934
[RUDP-GBN] Recebido em ordem DATA seq=935. ACK=935
[RUDP-GBN] Recebido em ordem DATA seq=936. ACK=936
[RUDP-GBN] Recebido em ordem DATA seq=937. ACK=937
[RUDP-GBN] Recebido em ordem DATA seq=938. ACK=938
[RUDP-GBN] Recebido em ordem DATA seq=939. ACK=939
[RUDP-GBN] Recebido em ordem DATA seq=940. ACK=940
[RUDP-GBN] Recebido em ordem DATA seq=941. ACK=941
[RUDP-GBN] Recebido em ordem DATA seq=942. ACK=942
[RUDP-GBN] Recebido em ordem DATA seq=943. ACK=943
[RUDP-GBN] Recebido em ordem DATA seq=944. ACK=944
[RUDP-GBN] Recebido em ordem DATA seq=945. ACK=945
[RUDP-GBN] Recebido em ordem DATA seq=946. ACK=946
[RUDP-GBN] Recebido em ordem DATA seq=947. ACK=947
[RUDP-GBN] Recebido em ordem DATA seq=948. ACK=948
[RUDP-GBN] Recebido em ordem DATA seq=949. ACK=949
[RUDP-GBN] Recebido em ordem DATA seq=950. ACK=950
[RUDP-GBN] Recebido em ordem DATA seq=951. ACK=951
[RUDP-GBN] Recebido em ordem DATA seq=952. ACK=952
[RUDP-GBN] Recebido em ordem DATA seq=953. ACK=953
[RUDP-GBN] Recebido em ordem DATA seq=954. ACK=954
[RUDP-GBN] Recebido em ordem DATA seq=955. ACK=955
[RUDP-GBN] Recebido em ordem DATA seq=956. ACK=956
[RUDP-GBN] Recebido em ordem DATA seq=957. ACK=957
[RUDP-GBN] Recebido em ordem DATA seq=958. ACK=958
[RUDP-GBN] Recebido em ordem DATA seq=959. ACK=959
[RUDP-GBN] Recebido em ordem DATA seq=960. ACK=960
[RUDP-GBN] Recebido em ordem DATA seq=961. ACK=961
[RUDP-GBN] Recebido em ordem DATA seq=962. ACK=962
[RUDP-GBN] Recebido em ordem DATA seq=963. ACK=963
[RUDP-GBN] Recebido em ordem DATA seq=964. ACK=964
[RUDP-GBN] Recebido em ordem DATA seq=965. ACK=965
[RUDP-GBN] Recebido em ordem DATA seq=966. ACK=966
[RUDP-GBN] Recebido em ordem DATA seq=967. ACK=967
[RUDP-GBN] Recebido em ordem DATA seq=968. ACK=968
[RUDP-GBN] Recebido em ordem DATA seq=969. ACK=969
[RUDP-GBN] Recebido em ordem DATA seq=970. ACK=970
[RUDP-GBN] Recebido em ordem DATA seq=971. ACK=971
[RUDP-GBN] Recebido em ordem DATA seq=972. ACK=972
[RUDP-GBN] Recebido em ordem DATA seq=973. ACK=973
[RUDP-GBN] Recebido em ordem DATA seq=974. ACK=974
[RUDP-GBN] Recebido em ordem DATA seq=975. ACK=975
[RUDP-GBN] Recebido em ordem DATA seq=976. ACK=976
[RUDP-GBN] Recebido em ordem DATA seq=977. ACK=977
[RUDP-GBN] Recebido em ordem DATA seq=978. ACK=978
[RUDP-GBN] Recebido em ordem DATA seq=979. ACK=979
[RUDP-GBN] Recebido em ordem DATA seq=980. ACK=980
[RUDP-GBN] Recebido em ordem DATA seq=981. ACK=981
[RUDP-GBN] Recebido em ordem DATA seq=982. ACK=982
[RUDP-GBN] Recebido em ordem DATA seq=983. ACK=983
[RUDP-GBN] Recebido em ordem DATA seq=984. ACK=984
[RUDP-GBN] Recebido em ordem DATA seq=985. ACK=985
[RUDP-GBN] Recebido em ordem DATA seq=986. ACK=986
[RUDP-GBN] Recebido em ordem DATA seq=987. ACK=987
[RUDP-GBN] Recebido em ordem DATA seq=988. ACK=988
[RUDP-GBN] Recebido em ordem DATA seq=989. ACK=989
[RUDP-GBN] Recebido em ordem DATA seq=990. ACK=990
[RUDP-GBN] Recebido em ordem DATA seq=991. ACK=991
[RUDP-GBN] Recebido em ordem DATA seq=992. ACK=992
[RUDP-GBN] Recebido em ordem DATA seq=993. ACK=993
[RUDP-GBN] Recebido em ordem DATA seq=994. ACK=994
[RUDP-GBN] Recebido em ordem DATA seq=995. ACK=995
[RUDP-GBN] Recebido em ordem DATA seq=996. ACK=996
[RUDP-GBN] Recebido em ordem DATA seq=997. ACK=997
[RUDP-GBN] Recebido em ordem DATA seq=998. ACK=998
[RUDP-GBN] Recebido em ordem DATA seq=999. ACK=999
[RUDP-GBN] Recebido em ordem DATA seq=1000. ACK=1000
[RUDP-GBN] Recebido em ordem DATA seq=1001. ACK=1001
[RUDP-GBN] Recebido em ordem DATA seq=1002. ACK=1002
[RUDP-GBN] Recebido em ordem DATA seq=1003. ACK=1003
[RUDP-GBN] Recebido em ordem DATA seq=1004. ACK=1004
[RUDP-GBN] Recebido em ordem DATA seq=1005. ACK=1005
[RUDP-GBN] Recebido em ordem DATA seq=1006. ACK=1006
[RUDP-GBN] Recebido em ordem DATA seq=1007. ACK=1007
[RUDP-GBN] Recebido em ordem DATA seq=1008. ACK=1008
[RUDP-GBN] Recebido em ordem DATA seq=1009. ACK=1009
[RUDP-GBN] Recebido em ordem DATA seq=1010. ACK=1010
[RUDP-GBN] Recebido em ordem DATA seq=1011. ACK=1011
[RUDP-GBN] Recebido em ordem DATA seq=1012. ACK=1012
[RUDP-GBN] Recebido em ordem DATA seq=1013. ACK=1013
[RUDP-GBN] Recebido em ordem DATA seq=1014. ACK=1014
[RUDP-GBN] Recebido em ordem DATA seq=1015. ACK=1015
[RUDP-GBN] Recebido em ordem DATA seq=1016. ACK=1016
[RUDP-GBN] Recebido em ordem DATA seq=1017. ACK=1017
[RUDP-GBN] Recebido em ordem DATA seq=1018. ACK=1018
[RUDP-GBN] Recebido em ordem DATA seq=1019. ACK=1019
[RUDP-GBN] Recebido em ordem DATA seq=1020. ACK=1020
[RUDP-GBN] Recebido em ordem DATA seq=1021. ACK=1021
[RUDP-GBN] Recebido em ordem DATA seq=1022. ACK=1022
[RUDP-GBN] Recebido em ordem DATA seq=1023. ACK=1023
[RUDP-GBN] Recebido em ordem DATA seq=1024. ACK=1024
[RUDP-GBN] Recebido em ordem DATA seq=1025. ACK=1025
[RUDP-GBN] Recebido em ordem DATA seq=1026. ACK=1026
[RUDP-GBN] Recebido em ordem DATA seq=1027. ACK=1027
[RUDP-GBN] Recebido em ordem DATA seq=1028. ACK=1028
[RUDP-GBN] Recebido em ordem DATA seq=1029. ACK=1029
[RUDP-GBN] Recebido em ordem DATA seq=1030. ACK=1030
[RUDP-GBN] Recebido em ordem DATA seq=1031. ACK=1031
[RUDP-GBN] Recebido em ordem DATA seq=1032. ACK=1032
[RUDP-GBN] Recebido em ordem DATA seq=1033. ACK=1033
[RUDP-GBN] Recebido em ordem DATA seq=1034. ACK=1034
[RUDP-GBN] Recebido em ordem DATA seq=1035. ACK=1035
[RUDP-GBN] Recebido em ordem DATA seq=1036. ACK=1036
[RUDP-GBN] Recebido em ordem DATA seq=1037. ACK=1037
[RUDP-GBN] Recebido em ordem DATA seq=1038. ACK=1038
[RUDP-GBN] Recebido em ordem DATA seq=1039. ACK=1039
[RUDP-GBN] Recebido em ordem DATA seq=1040. ACK=1040
[RUDP-GBN] Recebido em ordem DATA seq=1041. ACK=1041
[RUDP-GBN] Recebido em ordem DATA seq=1042. ACK=1042
[RUDP-GBN] Recebido em ordem DATA seq=1043. ACK=1043
[RUDP-GBN] Recebido em ordem DATA seq=1044. ACK=1044
[RUDP-GBN] Recebido em ordem DATA seq=1045. ACK=1045
[RUDP-GBN] Recebido em ordem DATA seq=1046. ACK=1046
[RUDP-GBN] Recebido em ordem DATA seq=1047. ACK=1047
[RUDP-GBN] Recebido em ordem DATA seq=1048. ACK=1048
[RUDP-GBN] Recebido em ordem DATA seq=1049. ACK=1049
[RUDP-GBN] Recebido em ordem DATA seq=1050. ACK=1050
[RUDP-GBN] Recebido em ordem DATA seq=1051. ACK=1051
[RUDP-GBN] Recebido em ordem DATA seq=1052. ACK=1052
[RUDP-GBN] Recebido em ordem DATA seq=1053. ACK=1053
[RUDP-GBN] Recebido em ordem DATA seq=1054. ACK=1054
[RUDP-GBN] Recebido em ordem DATA seq=1055. ACK=1055
[RUDP-GBN] Recebido em ordem DATA seq=1056. ACK=1056
[RUDP-GBN] Recebido em ordem DATA seq=1057. ACK=1057
[RUDP-GBN] Recebido em ordem DATA seq=1058. ACK=1058
[RUDP-GBN] Recebido em ordem DATA seq=1059. ACK=1059
[RUDP-GBN] Recebido em ordem DATA seq=1060. ACK=1060
[RUDP-GBN] Recebido em ordem DATA seq=1061. ACK=1061
[RUDP-GBN] Recebido em ordem DATA seq=1062. ACK=1062
[RUDP-GBN] Recebido em ordem DATA seq=1063. ACK=1063
[RUDP-GBN] Recebido em ordem DATA seq=1064. ACK=1064
[RUDP-GBN] Recebido em ordem DATA seq=1065. ACK=1065
[RUDP-GBN] Recebido em ordem DATA seq=1066. ACK=1066
[RUDP-GBN] Recebido em ordem DATA seq=1067. ACK=1067
[RUDP-GBN] Recebido em ordem DATA seq=1068. ACK=1068
[RUDP-GBN] Recebido em ordem DATA seq=1069. ACK=1069
[RUDP-GBN] Recebido em ordem DATA seq=1070. ACK=1070
[RUDP-GBN] Recebido em ordem DATA seq=1071. ACK=1071
[RUDP-GBN] Recebido em ordem DATA seq=1072. ACK=1072
[RUDP-GBN] Recebido em ordem DATA seq=1073. ACK=1073
[RUDP-GBN] Recebido em ordem DATA seq=1074. ACK=1074
[RUDP-GBN] Recebido em ordem DATA seq=1075. ACK=1075
[RUDP-GBN] Recebido em ordem DATA seq=1076. ACK=1076
[RUDP-GBN] Recebido em ordem DATA seq=1077. ACK=1077
[RUDP-GBN] Recebido em ordem DATA seq=1078. ACK=1078
[RUDP-GBN] Recebido em ordem DATA seq=1079. ACK=1079
[RUDP-GBN] Recebido em ordem DATA seq=1080. ACK=1080
[RUDP-GBN] Recebido em ordem DATA seq=1081. ACK=1081
[RUDP-GBN] Recebido em ordem DATA seq=1082. ACK=1082
[RUDP-GBN] Recebido em ordem DATA seq=1083. ACK=1083
[RUDP-GBN] Recebido em ordem DATA seq=1084. ACK=1084
[RUDP-GBN] Recebido em ordem DATA seq=1085. ACK=1085
[RUDP-GBN] Recebido em ordem DATA seq=1086. ACK=1086
[RUDP-GBN] Recebido em ordem DATA seq=1087. ACK=1087
[RUDP-GBN] Recebido em ordem DATA seq=1088. ACK=1088
[RUDP-GBN] Recebido em ordem DATA seq=1089. ACK=1089
[RUDP-GBN] Recebido em ordem DATA seq=1090. ACK=1090
[RUDP-GBN] Recebido em ordem DATA seq=1091. ACK=1091
[RUDP-GBN] Recebido em ordem DATA seq=1092. ACK=1092
[RUDP-GBN] Recebido em ordem DATA seq=1093. ACK=1093
[RUDP-GBN] Recebido em ordem DATA seq=1094. ACK=1094
[RUDP-GBN] Recebido em ordem DATA seq=1095. ACK=1095
[RUDP-GBN] Recebido em ordem DATA seq=1096. ACK=1096
[RUDP-GBN] Recebido em ordem DATA seq=1097. ACK=1097
[RUDP-GBN] Recebido em ordem DATA seq=1098. ACK=1098
[RUDP-GBN] Recebido em ordem DATA seq=1099. ACK=1099
[RUDP-GBN] Recebido em ordem DATA seq=1100. ACK=1100
[RUDP-GBN] Recebido em ordem DATA seq=1101. ACK=1101
[RUDP-GBN] Recebido em ordem DATA seq=1102. ACK=1102
[RUDP-GBN] Recebido em ordem DATA seq=1103. ACK=1103
[RUDP-GBN] Recebido em ordem DATA seq=1104. ACK=1104
[RUDP-GBN] Recebido em ordem DATA seq=1105. ACK=1105
[RUDP-GBN] Recebido em ordem DATA seq=1106. ACK=1106
[RUDP-GBN] Recebido em ordem DATA seq=1107. ACK=1107
[RUDP-GBN] Recebido em ordem DATA seq=1108. ACK=1108
[RUDP-GBN] Recebido em ordem DATA seq=1109. ACK=1109
[RUDP-GBN] Recebido em ordem DATA seq=1110. ACK=1110
[RUDP-GBN] Recebido em ordem DATA seq=1111. ACK=1111
[RUDP-GBN] Recebido em ordem DATA seq=1112. ACK=1112
[RUDP-GBN] Recebido em ordem DATA seq=1113. ACK=1113
[RUDP-GBN] Recebido em ordem DATA seq=1114. ACK=1114
[RUDP-GBN] Recebido em ordem DATA seq=1115. ACK=1115
[RUDP-GBN] Recebido em ordem DATA seq=1116. ACK=1116
[RUDP-GBN] Recebido em ordem DATA seq=1117. ACK=1117
[RUDP-GBN] Recebido em ordem DATA seq=1118. ACK=1118
[RUDP-GBN] Recebido em ordem DATA seq=1119. ACK=1119
[RUDP-GBN] Recebido em ordem DATA seq=1120. ACK=1120
[RUDP-GBN] Recebido em ordem DATA seq=1121. ACK=1121
[RUDP-GBN] Recebido em ordem DATA seq=1122. ACK=1122
[RUDP-GBN] Recebido em ordem DATA seq=1123. ACK=1123
[RUDP-GBN] Recebido em ordem DATA seq=1124. ACK=1124
[RUDP-GBN] Recebido em ordem DATA seq=1125. ACK=1125
[RUDP-GBN] Recebido em ordem DATA seq=1126. ACK=1126
[RUDP-GBN] Recebido em ordem DATA seq=1127. ACK=1127
[RUDP-GBN] Recebido em ordem DATA seq=1128. ACK=1128
[RUDP-GBN] Recebido em ordem DATA seq=1129. ACK=1129
[RUDP-GBN] Recebido em ordem DATA seq=1130. ACK=1130
[RUDP-GBN] Recebido em ordem DATA seq=1131. ACK=1131
[RUDP-GBN] Recebido em ordem DATA seq=1132. ACK=1132
[RUDP-GBN] Recebido em ordem DATA seq=1133. ACK=1133
[RUDP-GBN] Recebido em ordem DATA seq=1134. ACK=1134
[RUDP-GBN] Recebido em ordem DATA seq=1135. ACK=1135
[RUDP-GBN] Recebido em ordem DATA seq=1136. ACK=1136
[RUDP-GBN] Recebido em ordem DATA seq=1137. ACK=1137
[RUDP-GBN] Recebido em ordem DATA seq=1138. ACK=1138
[RUDP-GBN] Recebido em ordem DATA seq=1139. ACK=1139
[RUDP-GBN] Recebido em ordem DATA seq=1140. ACK=1140
[RUDP-GBN] Recebido em ordem DATA seq=1141. ACK=1141
[RUDP-GBN] Recebido em ordem DATA seq=1142. ACK=1142
[RUDP-GBN] Recebido em ordem DATA seq=1143. ACK=1143
[RUDP-GBN] Recebido em ordem DATA seq=1144. ACK=1144
[RUDP-GBN] Recebido em ordem DATA seq=1145. ACK=1145
[RUDP-GBN] Recebido em ordem DATA seq=1146. ACK=1146
[RUDP-GBN] Recebido em ordem DATA seq=1147. ACK=1147
[RUDP-GBN] Recebido em ordem DATA seq=1148. ACK=1148
[RUDP-GBN] Recebido em ordem DATA seq=1149. ACK=1149
[RUDP-GBN] Recebido em ordem DATA seq=1150. ACK=1150
[RUDP-GBN] Recebido em ordem DATA seq=1151. ACK=1151
[RUDP-GBN] Recebido em ordem DATA seq=1152. ACK=1152
[RUDP-GBN] Recebido em ordem DATA seq=1153. ACK=1153
[RUDP-GBN] Recebido em ordem DATA seq=1154. ACK=1154
[RUDP-GBN] Recebido em ordem DATA seq=1155. ACK=1155
[RUDP-GBN] Recebido em ordem DATA seq=1156. ACK=1156
[RUDP-GBN] Recebido em ordem DATA seq=1157. ACK=1157
[RUDP-GBN] Recebido em ordem DATA seq=1158. ACK=1158
[RUDP-GBN] Recebido em ordem DATA seq=1159. ACK=1159
[RUDP-GBN] Recebido em ordem DATA seq=1160. ACK=1160
[RUDP-GBN] Recebido em ordem DATA seq=1161. ACK=1161
[RUDP-GBN] Recebido em ordem DATA seq=1162. ACK=1162
[RUDP-GBN] Recebido em ordem DATA seq=1163. ACK=1163
[RUDP-GBN] Recebido em ordem DATA seq=1164. ACK=1164
[RUDP-GBN] Recebido em ordem DATA seq=1165. ACK=1165
[RUDP-GBN] Recebido em ordem DATA seq=1166. ACK=1166
[RUDP-GBN] Recebido em ordem DATA seq=1167. ACK=1167
[RUDP-GBN] Recebido em ordem DATA seq=1168. ACK=1168
[RUDP-GBN] Recebido em ordem DATA seq=1169. ACK=1169
[RUDP-GBN] Recebido em ordem DATA seq=1170. ACK=1170
[RUDP-GBN] Recebido em ordem DATA seq=1171. ACK=1171
[RUDP-GBN] Recebido em ordem DATA seq=1172. ACK=1172
[RUDP-GBN] Recebido em ordem DATA seq=1173. ACK=1173
[RUDP-GBN] Recebido em ordem DATA seq=1174. ACK=1174
[RUDP-GBN] Recebido em ordem DATA seq=1175. ACK=1175
[RUDP-GBN] Recebido em ordem DATA seq=1176. ACK=1176
[RUDP-GBN] Recebido em ordem DATA seq=1177. ACK=1177
[RUDP-GBN] Recebido em ordem DATA seq=1178. ACK=1178
[RUDP-GBN] Recebido em ordem DATA seq=1179. ACK=1179
[RUDP-GBN] Recebido em ordem DATA seq=1180. ACK=1180
[RUDP-GBN] Recebido em ordem DATA seq=1181. ACK=1181
[RUDP-GBN] Recebido em ordem DATA seq=1182. ACK=1182
[RUDP-GBN] Recebido em ordem DATA seq=1183. ACK=1183
[RUDP-GBN] Recebido em ordem DATA seq=1184. ACK=1184
[RUDP-GBN] Recebido em ordem DATA seq=1185. ACK=1185
[RUDP-GBN] Recebido em ordem DATA seq=1186. ACK=1186
[RUDP-GBN] Recebido em ordem DATA seq=1187. ACK=1187
[RUDP-GBN] Recebido em ordem DATA seq=1188. ACK=1188
[RUDP-GBN] Recebido em ordem DATA seq=1189. ACK=1189
[RUDP-GBN] Recebido em ordem DATA seq=1190. ACK=1190
[RUDP-GBN] Recebido em ordem DATA seq=1191. ACK=1191
[RUDP-GBN] Recebido em ordem DATA seq=1192. ACK=1192
[RUDP-GBN] Recebido em ordem DATA seq=1193. ACK=1193
[RUDP-GBN] Recebido em ordem DATA seq=1194. ACK=1194
[RUDP-GBN] Recebido em ordem DATA seq=1195. ACK=1195
[RUDP-GBN] Recebido em ordem DATA seq=1196. ACK=1196
[RUDP-GBN] Recebido em ordem DATA seq=1197. ACK=1197
[RUDP-GBN] Recebido em ordem DATA seq=1198. ACK=1198
[RUDP-GBN] Recebido em ordem DATA seq=1199. ACK=1199
[RUDP-GBN] Recebido em ordem DATA seq=1200. ACK=1200
[RUDP-GBN] Recebido em ordem DATA seq=1201. ACK=1201
[RUDP-GBN] Recebido em ordem DATA seq=1202. ACK=1202
[RUDP-GBN] Recebido em ordem DATA seq=1203. ACK=1203
[RUDP-GBN] Recebido em ordem DATA seq=1204. ACK=1204
[RUDP-GBN] Recebido em ordem DATA seq=1205. ACK=1205
[RUDP-GBN] Recebido em ordem DATA seq=1206. ACK=1206
[RUDP-GBN] Recebido em ordem DATA seq=1207. ACK=1207
[RUDP-GBN] Recebido em ordem DATA seq=1208. ACK=1208
[RUDP-GBN] Recebido em ordem DATA seq=1209. ACK=1209
[RUDP-GBN] Recebido em ordem DATA seq=1210. ACK=1210
[RUDP-GBN] Recebido em ordem DATA seq=1211. ACK=1211
[RUDP-GBN] Recebido em ordem DATA seq=1212. ACK=1212
[RUDP-GBN] Recebido em ordem DATA seq=1213. ACK=1213
[RUDP-GBN] Recebido em ordem DATA seq=1214. ACK=1214
[RUDP-GBN] Recebido em ordem DATA seq=1215. ACK=1215
[RUDP-GBN] Recebido em ordem DATA seq=1216. ACK=1216
[RUDP-GBN] Recebido em ordem DATA seq=1217. ACK=1217
[RUDP-GBN] Recebido em ordem DATA seq=1218. ACK=1218
[RUDP-GBN] Recebido em ordem DATA seq=1219. ACK=1219
[RUDP-GBN] Recebido em ordem DATA seq=1220. ACK=1220
[RUDP-GBN] Recebido em ordem DATA seq=1221. ACK=1221
[RUDP-GBN] Recebido em ordem DATA seq=1222. ACK=1222
[RUDP-GBN] Recebido em ordem DATA seq=1223. ACK=1223
[RUDP-GBN] Recebido em ordem DATA seq=1224. ACK=1224
[RUDP-GBN] Recebido em ordem DATA seq=1225. ACK=1225
[RUDP-GBN] Recebido em ordem DATA seq=1226. ACK=1226
[RUDP-GBN] Recebido em ordem DATA seq=1227. ACK=1227
[RUDP-GBN] Recebido em ordem DATA seq=1228. ACK=1228
[RUDP-GBN] Recebido em ordem DATA seq=1229. ACK=1229
[RUDP-GBN] Recebido em ordem DATA seq=1230. ACK=1230
[RUDP-GBN] Recebido em ordem DATA seq=1231. ACK=1231
[RUDP-GBN] Recebido em ordem DATA seq=1232. ACK=1232
[RUDP-GBN] Recebido em ordem DATA seq=1233. ACK=1233
[RUDP-GBN] Recebido em ordem DATA seq=1234. ACK=1234
[RUDP-GBN] Recebido em ordem DATA seq=1235. ACK=1235
[RUDP-GBN] Recebido em ordem DATA seq=1236. ACK=1236
[RUDP-GBN] Recebido em ordem DATA seq=1237. ACK=1237
[RUDP-GBN] Recebido em ordem DATA seq=1238. ACK=1238
[RUDP-GBN] Recebido em ordem DATA seq=1239. ACK=1239
[RUDP-GBN] Recebido em ordem DATA seq=1240. ACK=1240
[RUDP-GBN] Recebido em ordem DATA seq=1241. ACK=1241
[RUDP-GBN] Recebido em ordem DATA seq=1242. ACK=1242
[RUDP-GBN] Recebido em ordem DATA seq=1243. ACK=1243
[RUDP-GBN] Recebido em ordem DATA seq=1244. ACK=1244
[RUDP-GBN] Recebido em ordem DATA seq=1245. ACK=1245
[RUDP-GBN] Recebido em ordem DATA seq=1246. ACK=1246
[RUDP-GBN] Recebido em ordem DATA seq=1247. ACK=1247
[RUDP-GBN] Recebido em ordem DATA seq=1248. ACK=1248
[RUDP-GBN] Recebido em ordem DATA seq=1249. ACK=1249
[RUDP-GBN] Recebido em ordem DATA seq=1250. ACK=1250
[RUDP-GBN] Recebido em ordem DATA seq=1251. ACK=1251
[RUDP-GBN] Recebido em ordem DATA seq=1252. ACK=1252
[RUDP-GBN] Recebido em ordem DATA seq=1253. ACK=1253
[RUDP-GBN] Recebido em ordem DATA seq=1254. ACK=1254
[RUDP-GBN] Recebido em ordem DATA seq=1255. ACK=1255
[RUDP-GBN] Recebido em ordem DATA seq=1256. ACK=1256
[RUDP-GBN] Recebido em ordem DATA seq=1257. ACK=1257
[RUDP-GBN] Recebido em ordem DATA seq=1258. ACK=1258
[RUDP-GBN] Recebido em ordem DATA seq=1259. ACK=1259
[RUDP-GBN] Recebido em ordem DATA seq=1260. ACK=1260
[RUDP-GBN] Recebido em ordem DATA seq=1261. ACK=1261
[RUDP-GBN] Recebido em ordem DATA seq=1262. ACK=1262
[RUDP-GBN] Recebido em ordem DATA seq=1263. ACK=1263
[RUDP-GBN] Recebido em ordem DATA seq=1264. ACK=1264
[RUDP-GBN] Recebido em ordem DATA seq=1265. ACK=1265
[RUDP-GBN] Recebido em ordem DATA seq=1266. ACK=1266
[RUDP-GBN] Recebido em ordem DATA seq=1267. ACK=1267
[RUDP-GBN] Recebido em ordem DATA seq=1268. ACK=1268
[RUDP-GBN] Recebido em ordem DATA seq=1269. ACK=1269
[RUDP-GBN] Recebido em ordem DATA seq=1270. ACK=1270
[RUDP-GBN] Recebido em ordem DATA seq=1271. ACK=1271
[RUDP-GBN] Recebido em ordem DATA seq=1272. ACK=1272
[RUDP-GBN] Recebido em ordem DATA seq=1273. ACK=1273
[RUDP-GBN] Recebido em ordem DATA seq=1274. ACK=1274
[RUDP-GBN] Recebido em ordem DATA seq=1275. ACK=1275
[RUDP-GBN] Recebido em ordem DATA seq=1276. ACK=1276
[RUDP-GBN] Recebido em ordem DATA seq=1277. ACK=1277
[RUDP-GBN] Recebido em ordem DATA seq=1278. ACK=1278
[RUDP-GBN] Recebido em ordem DATA seq=1279. ACK=1279
[RUDP-GBN] Recebido em ordem DATA seq=1280. ACK=1280
[RUDP-GBN] Recebido em ordem DATA seq=1281. ACK=1281
[RUDP-GBN] Recebido em ordem DATA seq=1282. ACK=1282
[RUDP-GBN] Recebido em ordem DATA seq=1283. ACK=1283
[RUDP-GBN] Recebido em ordem DATA seq=1284. ACK=1284
[RUDP-GBN] Recebido em ordem DATA seq=1285. ACK=1285
[RUDP-GBN] Recebido em ordem DATA seq=1286. ACK=1286
[RUDP-GBN] Recebido em ordem DATA seq=1287. ACK=1287
[RUDP-GBN] Recebido em ordem DATA seq=1288. ACK=1288
[RUDP-GBN] Recebido em ordem DATA seq=1289. ACK=1289
[RUDP-GBN] Recebido em ordem DATA seq=1290. ACK=1290
[RUDP-GBN] Recebido em ordem DATA seq=1291. ACK=1291
[RUDP-GBN] Recebido em ordem DATA seq=1292. ACK=1292
[RUDP-GBN] Recebido em ordem DATA seq=1293. ACK=1293
[RUDP-GBN] Recebido em ordem DATA seq=1294. ACK=1294
[RUDP-GBN] Recebido em ordem DATA seq=1295. ACK=1295
[RUDP-GBN] Recebido em ordem DATA seq=1296. ACK=1296
[RUDP-GBN] Recebido em ordem DATA seq=1297. ACK=1297
[RUDP-GBN] Recebido em ordem DATA seq=1298. ACK=1298
[RUDP-GBN] Recebido em ordem DATA seq=1299. ACK=1299
[RUDP-GBN] Recebido em ordem DATA seq=1300. ACK=1300
[RUDP-GBN] Recebido em ordem DATA seq=1301. ACK=1301
[RUDP-GBN] Recebido em ordem DATA seq=1302. ACK=1302
[RUDP-GBN] Recebido em ordem DATA seq=1303. ACK=1303
[RUDP-GBN] Recebido em ordem DATA seq=1304. ACK=1304
[RUDP-GBN] Recebido em ordem DATA seq=1305. ACK=1305
[RUDP-GBN] Recebido em ordem DATA seq=1306. ACK=1306
[RUDP-GBN] Recebido em ordem DATA seq=1307. ACK=1307
[RUDP-GBN] Recebido em ordem DATA seq=1308. ACK=1308
[RUDP-GBN] Recebido em ordem DATA seq=1309. ACK=1309
[RUDP-GBN] Recebido em ordem DATA seq=1310. ACK=1310
[RUDP-GBN] Recebido em ordem DATA seq=1311. ACK=1311
[RUDP-GBN] Recebido em ordem DATA seq=1312. ACK=1312
[RUDP-GBN] Recebido em ordem DATA seq=1313. ACK=1313
[RUDP-GBN] Recebido em ordem DATA seq=1314. ACK=1314
[RUDP-GBN] Recebido em ordem DATA seq=1315. ACK=1315
[RUDP-GBN] Recebido em ordem DATA seq=1316. ACK=1316
[RUDP-GBN] Recebido em ordem DATA seq=1317. ACK=1317
[RUDP-GBN] Recebido em ordem DATA seq=1318. ACK=1318
[RUDP-GBN] Recebido em ordem DATA seq=1319. ACK=1319
[RUDP-GBN] Recebido em ordem DATA seq=1320. ACK=1320
[RUDP-GBN] Recebido em ordem DATA seq=1321. ACK=1321
[RUDP-GBN] Recebido em ordem DATA seq=1322. ACK=1322
[RUDP-GBN] Recebido em ordem DATA seq=1323. ACK=1323
[RUDP-GBN] Recebido em ordem DATA seq=1324. ACK=1324
[RUDP-GBN] Recebido em ordem DATA seq=1325. ACK=1325
[RUDP-GBN] Recebido em ordem DATA seq=1326. ACK=1326
[RUDP-GBN] Recebido em ordem DATA seq=1327. ACK=1327
[RUDP-GBN] Recebido em ordem DATA seq=1328. ACK=1328
[RUDP-GBN] Recebido em ordem DATA seq=1329. ACK=1329
[RUDP-GBN] Recebido em ordem DATA seq=1330. ACK=1330
[RUDP-GBN] Recebido em ordem DATA seq=1331. ACK=1331
[RUDP-GBN] Recebido em ordem DATA seq=1332. ACK=1332
[RUDP-GBN] Recebido em ordem DATA seq=1333. ACK=1333
[RUDP-GBN] Recebido em ordem DATA seq=1334. ACK=1334
[RUDP-GBN] Recebido em ordem DATA seq=1335. ACK=1335
[RUDP-GBN] Recebido em ordem DATA seq=1336. ACK=1336
[RUDP-GBN] Recebido em ordem DATA seq=1337. ACK=1337
[RUDP-GBN] Recebido em ordem DATA seq=1338. ACK=1338
[RUDP-GBN] Recebido em ordem DATA seq=1339. ACK=1339
[RUDP-GBN] Recebido em ordem DATA seq=1340. ACK=1340
[RUDP-GBN] Recebido em ordem DATA seq=1341. ACK=1341
[RUDP-GBN] Recebido em ordem DATA seq=1342. ACK=1342
[RUDP-GBN] Recebido em ordem DATA seq=1343. ACK=1343
[RUDP-GBN] Recebido em ordem DATA seq=1344. ACK=1344
[RUDP-GBN] Recebido em ordem DATA seq=1345. ACK=1345
[RUDP-GBN] Recebido em ordem DATA seq=1346. ACK=1346
[RUDP-GBN] Recebido em ordem DATA seq=1347. ACK=1347
[RUDP-GBN] Recebido em ordem DATA seq=1348. ACK=1348
[RUDP-GBN] Recebido em ordem DATA seq=1349. ACK=1349
[RUDP-GBN] Recebido em ordem DATA seq=1350. ACK=1350
[RUDP-GBN] Recebido em ordem DATA seq=1351. ACK=1351
[RUDP-GBN] Recebido em ordem DATA seq=1352. ACK=1352
[RUDP-GBN] Recebido em ordem DATA seq=1353. ACK=1353
[RUDP-GBN] Recebido em ordem DATA seq=1354. ACK=1354
[RUDP-GBN] Recebido em ordem DATA seq=1355. ACK=1355
[RUDP-GBN] Recebido em ordem DATA seq=1356. ACK=1356
[RUDP-GBN] Recebido em ordem DATA seq=1357. ACK=1357
[RUDP-GBN] Recebido em ordem DATA seq=1358. ACK=1358
[RUDP-GBN] Recebido em ordem DATA seq=1359. ACK=1359
[RUDP-GBN] Recebido em ordem DATA seq=1360. ACK=1360
[RUDP-GBN] Recebido em ordem DATA seq=1361. ACK=1361
[RUDP-GBN] Recebido em ordem DATA seq=1362. ACK=1362
[RUDP-GBN] Recebido em ordem DATA seq=1363. ACK=1363
[RUDP-GBN] Recebido em ordem DATA seq=1364. ACK=1364
[RUDP-GBN] Recebido em ordem DATA seq=1365. ACK=1365
[RUDP-GBN] Recebido em ordem DATA seq=1366. ACK=1366
[RUDP-GBN] Recebido em ordem DATA seq=1367. ACK=1367
[RUDP-GBN] Recebido em ordem DATA seq=1368. ACK=1368
[RUDP-GBN] Recebido em ordem DATA seq=1369. ACK=1369
[RUDP-GBN] Recebido em ordem DATA seq=1370. ACK=1370
[RUDP-GBN] Recebido em ordem DATA seq=1371. ACK=1371
[RUDP-GBN] Recebido em ordem DATA seq=1372. ACK=1372
[RUDP-GBN] Recebido em ordem DATA seq=1373. ACK=1373
[RUDP-GBN] Recebido em ordem DATA seq=1374. ACK=1374
[RUDP-GBN] Recebido em ordem DATA seq=1375. ACK=1375
[RUDP-GBN] Recebido em ordem DATA seq=1376. ACK=1376
[RUDP-GBN] Recebido em ordem DATA seq=1377. ACK=1377
[RUDP-GBN] Recebido em ordem DATA seq=1378. ACK=1378
[RUDP-GBN] Recebido em ordem DATA seq=1379. ACK=1379
[RUDP-GBN] Recebido em ordem DATA seq=1380. ACK=1380
[RUDP-GBN] Recebido em ordem DATA seq=1381. ACK=1381
[RUDP-GBN] Recebido em ordem DATA seq=1382. ACK=1382
[RUDP-GBN] Recebido em ordem DATA seq=1383. ACK=1383
[RUDP-GBN] Recebido em ordem DATA seq=1384. ACK=1384
[RUDP-GBN] Recebido em ordem DATA seq=1385. ACK=1385
[RUDP-GBN] Recebido em ordem DATA seq=1386. ACK=1386
[RUDP-GBN] Recebido em ordem DATA seq=1387. ACK=1387
[RUDP-GBN] Recebido em ordem DATA seq=1388. ACK=1388
[RUDP-GBN] Recebido em ordem DATA seq=1389. ACK=1389
[RUDP-GBN] Recebido em ordem DATA seq=1390. ACK=1390
[RUDP-GBN] Recebido em ordem DATA seq=1391. ACK=1391
[RUDP-GBN] Recebido em ordem DATA seq=1392. ACK=1392
[RUDP-GBN] Recebido em ordem DATA seq=1393. ACK=1393
[RUDP-GBN] Recebido em ordem DATA seq=1394. ACK=1394
[RUDP-GBN] Recebido em ordem DATA seq=1395. ACK=1395
[RUDP-GBN] Recebido em ordem DATA seq=1396. ACK=1396
[RUDP-GBN] Recebido em ordem DATA seq=1397. ACK=1397
[RUDP-GBN] Recebido em ordem DATA seq=1398. ACK=1398
[RUDP-GBN] Recebido em ordem DATA seq=1399. ACK=1399
[RUDP-GBN] Recebido em ordem DATA seq=1400. ACK=1400
[RUDP-GBN] Recebido em ordem DATA seq=1401. ACK=1401
[RUDP-GBN] Recebido em ordem DATA seq=1402. ACK=1402
[RUDP-GBN] Recebido em ordem DATA seq=1403. ACK=1403
[RUDP-GBN] Recebido em ordem DATA seq=1404. ACK=1404
[RUDP-GBN] Recebido em ordem DATA seq=1405. ACK=1405
[RUDP-GBN] Recebido em ordem DATA seq=1406. ACK=1406
[RUDP-GBN] Recebido em ordem DATA seq=1407. ACK=1407
[RUDP-GBN] Recebido em ordem DATA seq=1408. ACK=1408
[RUDP-GBN] Recebido em ordem DATA seq=1409. ACK=1409
[RUDP-GBN] Recebido em ordem DATA seq=1410. ACK=1410
[RUDP-GBN] Recebido em ordem DATA seq=1411. ACK=1411
[RUDP-GBN] Recebido em ordem DATA seq=1412. ACK=1412
[RUDP-GBN] Recebido em ordem DATA seq=1413. ACK=1413
[RUDP-GBN] Recebido em ordem DATA seq=1414. ACK=1414
[RUDP-GBN] Recebido em ordem DATA seq=1415. ACK=1415
[RUDP-GBN] Recebido em ordem DATA seq=1416. ACK=1416
[RUDP-GBN] Recebido em ordem DATA seq=1417. ACK=1417
[RUDP-GBN] Recebido em ordem DATA seq=1418. ACK=1418
[RUDP-GBN] Recebido em ordem DATA seq=1419. ACK=1419
[RUDP-GBN] Recebido em ordem DATA seq=1420. ACK=1420
[RUDP-GBN] Recebido em ordem DATA seq=1421. ACK=1421
[RUDP-GBN] Recebido em ordem DATA seq=1422. ACK=1422
[RUDP-GBN] Recebido em ordem DATA seq=1423. ACK=1423
[RUDP-GBN] Recebido em ordem DATA seq=1424. ACK=1424
[RUDP-GBN] Recebido em ordem DATA seq=1425. ACK=1425
[RUDP-GBN] Recebido em ordem DATA seq=1426. ACK=1426
[RUDP-GBN] Recebido em ordem DATA seq=1427. ACK=1427
[RUDP-GBN] Recebido em ordem DATA seq=1428. ACK=1428
[RUDP-GBN] Recebido em ordem DATA seq=1429. ACK=1429
[RUDP-GBN] Recebido em ordem DATA seq=1430. ACK=1430
[RUDP-GBN] Recebido em ordem DATA seq=1431. ACK=1431
[RUDP-GBN] Recebido em ordem DATA seq=1432. ACK=1432
[RUDP-GBN] Recebido em ordem DATA seq=1433. ACK=1433
[RUDP-GBN] Recebido em ordem DATA seq=1434. ACK=1434
[RUDP-GBN] Recebido em ordem DATA seq=1435. ACK=1435
[RUDP-GBN] Recebido em ordem DATA seq=1436. ACK=1436
[RUDP-GBN] Recebido em ordem DATA seq=1437. ACK=1437
[RUDP-GBN] Recebido em ordem DATA seq=1438. ACK=1438
[RUDP-GBN] Recebido em ordem DATA seq=1439. ACK=1439
[RUDP-GBN] Recebido em ordem DATA seq=1440. ACK=1440
[RUDP-GBN] Recebido em ordem DATA seq=1441. ACK=1441
[RUDP-GBN] Recebido em ordem DATA seq=1442. ACK=1442
[RUDP-GBN] Recebido em ordem DATA seq=1443. ACK=1443
[RUDP-GBN] Recebido em ordem DATA seq=1444. ACK=1444
[RUDP-GBN] Recebido em ordem DATA seq=1445. ACK=1445
[RUDP-GBN] Recebido em ordem DATA seq=1446. ACK=1446
[RUDP-GBN] Recebido em ordem DATA seq=1447. ACK=1447
[RUDP-GBN] Recebido em ordem DATA seq=1448. ACK=1448
[RUDP-GBN] Recebido em ordem DATA seq=1449. ACK=1449
[RUDP-GBN] Recebido em ordem DATA seq=1450. ACK=1450
[RUDP-GBN] Recebido em ordem DATA seq=1451. ACK=1451
[RUDP-GBN] Recebido em ordem DATA seq=1452. ACK=1452
[RUDP-GBN] Recebido em ordem DATA seq=1453. ACK=1453
[RUDP-GBN] Recebido em ordem DATA seq=1454. ACK=1454
[RUDP-GBN] Recebido em ordem DATA seq=1455. ACK=1455
[RUDP-GBN] Recebido em ordem DATA seq=1456. ACK=1456
[RUDP-GBN] Recebido em ordem DATA seq=1457. ACK=1457
[RUDP-GBN] Recebido em ordem DATA seq=1458. ACK=1458
[RUDP-GBN] Recebido em ordem DATA seq=1459. ACK=1459
[RUDP-GBN] Recebido em ordem DATA seq=1460. ACK=1460
[RUDP-GBN] Recebido em ordem DATA seq=1461. ACK=1461
[RUDP-GBN] Recebido em ordem DATA seq=1462. ACK=1462
[RUDP-GBN] Recebido em ordem DATA seq=1463. ACK=1463
[RUDP-GBN] Recebido em ordem DATA seq=1464. ACK=1464
[RUDP-GBN] Recebido em ordem DATA seq=1465. ACK=1465
[RUDP-GBN] Recebido em ordem DATA seq=1466. ACK=1466
[RUDP-GBN] Recebido em ordem DATA seq=1467. ACK=1467
[RUDP-GBN] Recebido em ordem DATA seq=1468. ACK=1468
[RUDP-GBN] Recebido em ordem DATA seq=1469. ACK=1469
[RUDP-GBN] Recebido em ordem DATA seq=1470. ACK=1470
[RUDP-GBN] Recebido em ordem DATA seq=1471. ACK=1471
[RUDP-GBN] Recebido em ordem DATA seq=1472. ACK=1472
[RUDP-GBN] Recebido em ordem DATA seq=1473. ACK=1473
[RUDP-GBN] Recebido em ordem DATA seq=1474. ACK=1474
[RUDP-GBN] Recebido em ordem DATA seq=1475. ACK=1475
[RUDP-GBN] Recebido em ordem DATA seq=1476. ACK=1476
[RUDP-GBN] Recebido em ordem DATA seq=1477. ACK=1477
[RUDP-GBN] Recebido em ordem DATA seq=1478. ACK=1478
[RUDP-GBN] Recebido em ordem DATA seq=1479. ACK=1479
[RUDP-GBN] Recebido em ordem DATA seq=1480. ACK=1480
[RUDP-GBN] Recebido em ordem DATA seq=1481. ACK=1481
[RUDP-GBN] Recebido em ordem DATA seq=1482. ACK=1482
[RUDP-GBN] Recebido em ordem DATA seq=1483. ACK=1483
[RUDP-GBN] Recebido em ordem DATA seq=1484. ACK=1484
[RUDP-GBN] Recebido em ordem DATA seq=1485. ACK=1485
[RUDP-GBN] Recebido em ordem DATA seq=1486. ACK=1486
[RUDP-GBN] Recebido em ordem DATA seq=1487. ACK=1487
[RUDP-GBN] Recebido em ordem DATA seq=1488. ACK=1488
[RUDP-GBN] Recebido em ordem DATA seq=1489. ACK=1489
[RUDP-GBN] Recebido em ordem DATA seq=1490. ACK=1490
[RUDP-GBN] Recebido em ordem DATA seq=1491. ACK=1491
[RUDP-GBN] Recebido em ordem DATA seq=1492. ACK=1492
[RUDP-GBN] Recebido em ordem DATA seq=1493. ACK=1493
[RUDP-GBN] Recebido em ordem DATA seq=1494. ACK=1494
[RUDP-GBN] Recebido em ordem DATA seq=1495. ACK=1495
[RUDP-GBN] Recebido em ordem DATA seq=1496. ACK=1496
[RUDP-GBN] Recebido em ordem DATA seq=1497. ACK=1497
[RUDP-GBN] Recebido em ordem DATA seq=1498. ACK=1498
[RUDP-GBN] Recebido em ordem DATA seq=1499. ACK=1499
[RUDP-GBN] Recebido em ordem DATA seq=1500. ACK=1500
[RUDP-GBN] Recebido em ordem DATA seq=1501. ACK=1501
[RUDP-GBN] Recebido em ordem DATA seq=1502. ACK=1502
[RUDP-GBN] Recebido em ordem DATA seq=1503. ACK=1503
[RUDP-GBN] Recebido em ordem DATA seq=1504. ACK=1504
[RUDP-GBN] Recebido em ordem DATA seq=1505. ACK=1505
[RUDP-GBN] Recebido em ordem DATA seq=1506. ACK=1506
[RUDP-GBN] Recebido em ordem DATA seq=1507. ACK=1507
[RUDP-GBN] Recebido em ordem DATA seq=1508. ACK=1508
[RUDP-GBN] Recebido em ordem DATA seq=1509. ACK=1509
[RUDP-GBN] Recebido em ordem DATA seq=1510. ACK=1510
[RUDP-GBN] Recebido em ordem DATA seq=1511. ACK=1511
[RUDP-GBN] Recebido em ordem DATA seq=1512. ACK=1512
[RUDP-GBN] Recebido em ordem DATA seq=1513. ACK=1513
[RUDP-GBN] Recebido em ordem DATA seq=1514. ACK=1514
[RUDP-GBN] Recebido em ordem DATA seq=1515. ACK=1515
[RUDP-GBN] Recebido em ordem DATA seq=1516. ACK=1516
[RUDP-GBN] Recebido em ordem DATA seq=1517. ACK=1517
[RUDP-GBN] Recebido em ordem DATA seq=1518. ACK=1518
[RUDP-GBN] Recebido em ordem DATA seq=1519. ACK=1519
[RUDP-GBN] Recebido em ordem DATA seq=1520. ACK=1520
[RUDP-GBN] Recebido em ordem DATA seq=1521. ACK=1521
[RUDP-GBN] Recebido em ordem DATA seq=1522. ACK=1522
[RUDP-GBN] Recebido em ordem DATA seq=1523. ACK=1523
[RUDP-GBN] Recebido em ordem DATA seq=1524. ACK=1524
[RUDP-GBN] Recebido em ordem DATA seq=1525. ACK=1525
[RUDP-GBN] Recebido em ordem DATA seq=1526. ACK=1526
[RUDP-GBN] Recebido em ordem DATA seq=1527. ACK=1527
[RUDP-GBN] Recebido em ordem DATA seq=1528. ACK=1528
[RUDP-GBN] Recebido em ordem DATA seq=1529. ACK=1529
[RUDP-GBN] Recebido em ordem DATA seq=1530. ACK=1530
[RUDP-GBN] Recebido em ordem DATA seq=1531. ACK=1531
[RUDP-GBN] Recebido em ordem DATA seq=1532. ACK=1532
[RUDP-GBN] Recebido em ordem DATA seq=1533. ACK=1533
[RUDP-GBN] Recebido em ordem DATA seq=1534. ACK=1534
[RUDP-GBN] Recebido em ordem DATA seq=1535. ACK=1535
[RUDP-GBN] Recebido em ordem DATA seq=1536. ACK=1536
[RUDP-GBN] Recebido em ordem DATA seq=1537. ACK=1537
[RUDP-GBN] Recebido em ordem DATA seq=1538. ACK=1538
[RUDP-GBN] Recebido em ordem DATA seq=1539. ACK=1539
[RUDP-GBN] Recebido em ordem DATA seq=1540. ACK=1540
[RUDP-GBN] Recebido em ordem DATA seq=1541. ACK=1541
[RUDP-GBN] Recebido em ordem DATA seq=1542. ACK=1542
[RUDP-GBN] Recebido em ordem DATA seq=1543. ACK=1543
[RUDP-GBN] Recebido em ordem DATA seq=1544. ACK=1544
[RUDP-GBN] Recebido em ordem DATA seq=1545. ACK=1545
[RUDP-GBN] Recebido em ordem DATA seq=1546. ACK=1546
[RUDP-GBN] Recebido em ordem DATA seq=1547. ACK=1547
[RUDP-GBN] Recebido em ordem DATA seq=1548. ACK=1548
[RUDP-GBN] Recebido em ordem DATA seq=1549. ACK=1549
[RUDP-GBN] Recebido em ordem DATA seq=1550. ACK=1550
[RUDP-GBN] Recebido em ordem DATA seq=1551. ACK=1551
[RUDP-GBN] Recebido em ordem DATA seq=1552. ACK=1552
[RUDP-GBN] Recebido em ordem DATA seq=1553. ACK=1553
[RUDP-GBN] Recebido em ordem DATA seq=1554. ACK=1554
[RUDP-GBN] Recebido em ordem DATA seq=1555. ACK=1555
[RUDP-GBN] Recebido em ordem DATA seq=1556. ACK=1556
[RUDP-GBN] Recebido em ordem DATA seq=1557. ACK=1557
[RUDP-GBN] Recebido em ordem DATA seq=1558. ACK=1558
[RUDP-GBN] Recebido em ordem DATA seq=1559. ACK=1559
[RUDP-GBN] Recebido em ordem DATA seq=1560. ACK=1560
[RUDP-GBN] Recebido em ordem DATA seq=1561. ACK=1561
[RUDP-GBN] Recebido em ordem DATA seq=1562. ACK=1562
[RUDP-GBN] Recebido em ordem DATA seq=1563. ACK=1563
[RUDP-GBN] Recebido em ordem DATA seq=1564. ACK=1564
[RUDP-GBN] Recebido em ordem DATA seq=1565. ACK=1565
[RUDP-GBN] Recebido em ordem DATA seq=1566. ACK=1566
[RUDP-GBN] Recebido em ordem DATA seq=1567. ACK=1567
[RUDP-GBN] Recebido em ordem DATA seq=1568. ACK=1568
[RUDP-GBN] Recebido em ordem DATA seq=1569. ACK=1569
[RUDP-GBN] Recebido em ordem DATA seq=1570. ACK=1570
[RUDP-GBN] Recebido em ordem DATA seq=1571. ACK=1571
[RUDP-GBN] Recebido em ordem DATA seq=1572. ACK=1572
[RUDP-GBN] Recebido em ordem DATA seq=1573. ACK=1573
[RUDP-GBN] Recebido em ordem DATA seq=1574. ACK=1574
[RUDP-GBN] Recebido em ordem DATA seq=1575. ACK=1575
[RUDP-GBN] Recebido em ordem DATA seq=1576. ACK=1576
[RUDP-GBN] Recebido em ordem DATA seq=1577. ACK=1577
[RUDP-GBN] Recebido em ordem DATA seq=1578. ACK=1578
[RUDP-GBN] Recebido em ordem DATA seq=1579. ACK=1579
[RUDP-GBN] Recebido em ordem DATA seq=1580. ACK=1580
[RUDP-GBN] Recebido em ordem DATA seq=1581. ACK=1581
[RUDP-GBN] Recebido em ordem DATA seq=1582. ACK=1582
[RUDP-GBN] Recebido em ordem DATA seq=1583. ACK=1583
[RUDP-GBN] Recebido em ordem DATA seq=1584. ACK=1584
[RUDP-GBN] Recebido em ordem DATA seq=1585. ACK=1585
[RUDP-GBN] Recebido em ordem DATA seq=1586. ACK=1586
[RUDP-GBN] Recebido em ordem DATA seq=1587. ACK=1587
[RUDP-GBN] Recebido em ordem DATA seq=1588. ACK=1588
[RUDP-GBN] Recebido em ordem DATA seq=1589. ACK=1589
[RUDP-GBN] Recebido em ordem DATA seq=1590. ACK=1590
[RUDP-GBN] Recebido em ordem DATA seq=1591. ACK=1591
[RUDP-GBN] Recebido em ordem DATA seq=1592. ACK=1592
[RUDP-GBN] Recebido em ordem DATA seq=1593. ACK=1593
[RUDP-GBN] Recebido em ordem DATA seq=1594. ACK=1594
[RUDP-GBN] Recebido em ordem DATA seq=1595. ACK=1595
[RUDP-GBN] Recebido em ordem DATA seq=1596. ACK=1596
[RUDP-GBN] Recebido em ordem DATA seq=1597. ACK=1597
[RUDP-GBN] Recebido em ordem DATA seq=1598. ACK=1598
[RUDP-GBN] Recebido em ordem DATA seq=1599. ACK=1599
[RUDP-GBN] Recebido em ordem DATA seq=1600. ACK=1600
[RUDP-GBN] Recebido em ordem DATA seq=1601. ACK=1601
[RUDP-GBN] Recebido em ordem DATA seq=1602. ACK=1602
[RUDP-GBN] Recebido em ordem DATA seq=1603. ACK=1603
[RUDP-GBN] Recebido em ordem DATA seq=1604. ACK=1604
[RUDP-GBN] Recebido em ordem DATA seq=1605. ACK=1605
[RUDP-GBN] Recebido em ordem DATA seq=1606. ACK=1606
[RUDP-GBN] Recebido em ordem DATA seq=1607. ACK=1607
[RUDP-GBN] Recebido em ordem DATA seq=1608. ACK=1608
[RUDP-GBN] Recebido em ordem DATA seq=1609. ACK=1609
[RUDP-GBN] Recebido em ordem DATA seq=1610. ACK=1610
[RUDP-GBN] Recebido em ordem DATA seq=1611. ACK=1611
[RUDP-GBN] Recebido em ordem DATA seq=1612. ACK=1612
[RUDP-GBN] Recebido em ordem DATA seq=1613. ACK=1613
[RUDP-GBN] Recebido em ordem DATA seq=1614. ACK=1614
[RUDP-GBN] Recebido em ordem DATA seq=1615. ACK=1615
[RUDP-GBN] Recebido em ordem DATA seq=1616. ACK=1616
[RUDP-GBN] Recebido em ordem DATA seq=1617. ACK=1617
[RUDP-GBN] Recebido em ordem DATA seq=1618. ACK=1618
[RUDP-GBN] Recebido em ordem DATA seq=1619. ACK=1619
[RUDP-GBN] Recebido em ordem DATA seq=1620. ACK=1620
[RUDP-GBN] Recebido em ordem DATA seq=1621. ACK=1621
[RUDP-GBN] Recebido em ordem DATA seq=1622. ACK=1622
[RUDP-GBN] Recebido em ordem DATA seq=1623. ACK=1623
[RUDP-GBN] Recebido em ordem DATA seq=1624. ACK=1624
[RUDP-GBN] Recebido em ordem DATA seq=1625. ACK=1625
[RUDP-GBN] Recebido em ordem DATA seq=1626. ACK=1626
[RUDP-GBN] Recebido em ordem DATA seq=1627. ACK=1627
[RUDP-GBN] Recebido em ordem DATA seq=1628. ACK=1628
[RUDP-GBN] Recebido em ordem DATA seq=1629. ACK=1629
[RUDP-GBN] Recebido em ordem DATA seq=1630. ACK=1630
[RUDP-GBN] Recebido em ordem DATA seq=1631. ACK=1631
[RUDP-GBN] Recebido em ordem DATA seq=1632. ACK=1632
[RUDP-GBN] Recebido em ordem DATA seq=1633. ACK=1633
[RUDP-GBN] Recebido em ordem DATA seq=1634. ACK=1634
[RUDP-GBN] Recebido em ordem DATA seq=1635. ACK=1635
[RUDP-GBN] Recebido em ordem DATA seq=1636. ACK=1636
[RUDP-GBN] Recebido em ordem DATA seq=1637. ACK=1637
[RUDP-GBN] Recebido em ordem DATA seq=1638. ACK=1638
[RUDP-GBN] Recebido em ordem DATA seq=1639. ACK=1639
[RUDP-GBN] Recebido em ordem DATA seq=1640. ACK=1640
[RUDP-GBN] Recebido em ordem DATA seq=1641. ACK=1641
[RUDP-GBN] Recebido em ordem DATA seq=1642. ACK=1642
[RUDP-GBN] Recebido em ordem DATA seq=1643. ACK=1643
[RUDP-GBN] Recebido em ordem DATA seq=1644. ACK=1644
[RUDP-GBN] Recebido em ordem DATA seq=1645. ACK=1645
[RUDP-GBN] Recebido em ordem DATA seq=1646. ACK=1646
[RUDP-GBN] Recebido em ordem DATA seq=1647. ACK=1647
[RUDP-GBN] Recebido em ordem DATA seq=1648. ACK=1648
[RUDP-GBN] Recebido em ordem DATA seq=1649. ACK=1649
[RUDP-GBN] Recebido em ordem DATA seq=1650. ACK=1650
[RUDP-GBN] Recebido em ordem DATA seq=1651. ACK=1651
[RUDP-GBN] Recebido em ordem DATA seq=1652. ACK=1652
[RUDP-GBN] Recebido em ordem DATA seq=1653. ACK=1653
[RUDP-GBN] Recebido em ordem DATA seq=1654. ACK=1654
[RUDP-GBN] Recebido em ordem DATA seq=1655. ACK=1655
[RUDP-GBN] Recebido em ordem DATA seq=1656. ACK=1656
[RUDP-GBN] Recebido em ordem DATA seq=1657. ACK=1657
[RUDP-GBN] Recebido em ordem DATA seq=1658. ACK=1658
[RUDP-GBN] Recebido em ordem DATA seq=1659. ACK=1659
[RUDP-GBN] Recebido em ordem DATA seq=1660. ACK=1660
[RUDP-GBN] Recebido em ordem DATA seq=1661. ACK=1661
[RUDP-GBN] Recebido em ordem DATA seq=1662. ACK=1662
[RUDP-GBN] Recebido em ordem DATA seq=1663. ACK=1663
[RUDP-GBN] Recebido em ordem DATA seq=1664. ACK=1664
[RUDP-GBN] Recebido em ordem DATA seq=1665. ACK=1665
[RUDP-GBN] Recebido em ordem DATA seq=1666. ACK=1666
[RUDP-GBN] Recebido em ordem DATA seq=1667. ACK=1667
[RUDP-GBN] Recebido em ordem DATA seq=1668. ACK=1668
[RUDP-GBN] Recebido em ordem DATA seq=1669. ACK=1669
[RUDP-GBN] Recebido em ordem DATA seq=1670. ACK=1670
[RUDP-GBN] Recebido em ordem DATA seq=1671. ACK=1671
[RUDP-GBN] Recebido em ordem DATA seq=1672. ACK=1672
[RUDP-GBN] Recebido em ordem DATA seq=1673. ACK=1673
[RUDP-GBN] Recebido em ordem DATA seq=1674. ACK=1674
[RUDP-GBN] Recebido em ordem DATA seq=1675. ACK=1675
[RUDP-GBN] Recebido em ordem DATA seq=1676. ACK=1676
[RUDP-GBN] Recebido em ordem DATA seq=1677. ACK=1677
[RUDP-GBN] Recebido em ordem DATA seq=1678. ACK=1678
[RUDP-GBN] Recebido em ordem DATA seq=1679. ACK=1679
[RUDP-GBN] Recebido em ordem DATA seq=1680. ACK=1680
[RUDP-GBN] Recebido em ordem DATA seq=1681. ACK=1681
[RUDP-GBN] Recebido em ordem DATA seq=1682. ACK=1682
[RUDP-GBN] Recebido em ordem DATA seq=1683. ACK=1683
[RUDP-GBN] Recebido em ordem DATA seq=1684. ACK=1684
[RUDP-GBN] Recebido em ordem DATA seq=1685. ACK=1685
[RUDP-GBN] Recebido em ordem DATA seq=1686. ACK=1686
[RUDP-GBN] Recebido em ordem DATA seq=1687. ACK=1687
[RUDP-GBN] Recebido em ordem DATA seq=1688. ACK=1688
[RUDP-GBN] Recebido em ordem DATA seq=1689. ACK=1689
[RUDP-GBN] Recebido em ordem DATA seq=1690. ACK=1690
[RUDP-GBN] Recebido em ordem DATA seq=1691. ACK=1691
[RUDP-GBN] Recebido em ordem DATA seq=1692. ACK=1692
[RUDP-GBN] Recebido em ordem DATA seq=1693. ACK=1693
[RUDP-GBN] Recebido em ordem DATA seq=1694. ACK=1694
[RUDP-GBN] Recebido em ordem DATA seq=1695. ACK=1695
[RUDP-GBN] Recebido em ordem DATA seq=1696. ACK=1696
[RUDP-GBN] Recebido em ordem DATA seq=1697. ACK=1697
[RUDP-GBN] Recebido em ordem DATA seq=1698. ACK=1698
[RUDP-GBN] Recebido em ordem DATA seq=1699. ACK=1699
[RUDP-GBN] Recebido em ordem DATA seq=1700. ACK=1700
[RUDP-GBN] Recebido em ordem DATA seq=1701. ACK=1701
[RUDP-GBN] Recebido em ordem DATA seq=1702. ACK=1702
[RUDP-GBN] Recebido em ordem DATA seq=1703. ACK=1703
[RUDP-GBN] Recebido em ordem DATA seq=1704. ACK=1704
[RUDP-GBN] Recebido em ordem DATA seq=1705. ACK=1705
[RUDP-GBN] Recebido em ordem DATA seq=1706. ACK=1706
[RUDP-GBN] Recebido em ordem DATA seq=1707. ACK=1707
[RUDP-GBN] Recebido em ordem DATA seq=1708. ACK=1708
[RUDP-GBN] Recebido em ordem DATA seq=1709. ACK=1709
[RUDP-GBN] Recebido em ordem DATA seq=1710. ACK=1710
[RUDP-GBN] Recebido em ordem DATA seq=1711. ACK=1711
[RUDP-GBN] Recebido em ordem DATA seq=1712. ACK=1712
[RUDP-GBN] Recebido em ordem DATA seq=1713. ACK=1713
[RUDP-GBN] Recebido em ordem DATA seq=1714. ACK=1714
[RUDP-GBN] Recebido em ordem DATA seq=1715. ACK=1715
[RUDP-GBN] Recebido em ordem DATA seq=1716. ACK=1716
[RUDP-GBN] Recebido em ordem DATA seq=1717. ACK=1717
[RUDP-GBN] Recebido em ordem DATA seq=1718. ACK=1718
[RUDP-GBN] Recebido em ordem DATA seq=1719. ACK=1719
[RUDP-GBN] Recebido em ordem DATA seq=1720. ACK=1720
[RUDP-GBN] Recebido em ordem DATA seq=1721. ACK=1721
[RUDP-GBN] Recebido em ordem DATA seq=1722. ACK=1722
[RUDP-GBN] Recebido em ordem DATA seq=1723. ACK=1723
[RUDP-GBN] Recebido em ordem DATA seq=1724. ACK=1724
[RUDP-GBN] Recebido em ordem DATA seq=1725. ACK=1725
[RUDP-GBN] Recebido em ordem DATA seq=1726. ACK=1726
[RUDP-GBN] Recebido em ordem DATA seq=1727. ACK=1727
[RUDP-GBN] Recebido em ordem DATA seq=1728. ACK=1728
[RUDP-GBN] Recebido em ordem DATA seq=1729. ACK=1729
[RUDP-GBN] Recebido em ordem DATA seq=1730. ACK=1730
[RUDP-GBN] Recebido em ordem DATA seq=1731. ACK=1731
[RUDP-GBN] Recebido em ordem DATA seq=1732. ACK=1732
[RUDP-GBN] Recebido em ordem DATA seq=1733. ACK=1733
[RUDP-GBN] Recebido em ordem DATA seq=1734. ACK=1734
[RUDP-GBN] Recebido em ordem DATA seq=1735. ACK=1735
[RUDP-GBN] Recebido em ordem DATA seq=1736. ACK=1736
[RUDP-GBN] Recebido em ordem DATA seq=1737. ACK=1737
[RUDP-GBN] Recebido em ordem DATA seq=1738. ACK=1738
[RUDP-GBN] Recebido em ordem DATA seq=1739. ACK=1739
[RUDP-GBN] Recebido em ordem DATA seq=1740. ACK=1740
[RUDP-GBN] Recebido em ordem DATA seq=1741. ACK=1741
[RUDP-GBN] Recebido em ordem DATA seq=1742. ACK=1742
[RUDP-GBN] Recebido em ordem DATA seq=1743. ACK=1743
[RUDP-GBN] Recebido em ordem DATA seq=1744. ACK=1744
[RUDP-GBN] Recebido em ordem DATA seq=1745. ACK=1745
[RUDP-GBN] Recebido em ordem DATA seq=1746. ACK=1746
[RUDP-GBN] Recebido em ordem DATA seq=1747. ACK=1747
[RUDP-GBN] Recebido em ordem DATA seq=1748. ACK=1748
[RUDP-GBN] Recebido em ordem DATA seq=1749. ACK=1749
[RUDP-GBN] Recebido em ordem DATA seq=1750. ACK=1750
[RUDP-GBN] Recebido em ordem DATA seq=1751. ACK=1751
[RUDP-GBN] Recebido em ordem DATA seq=1752. ACK=1752
[RUDP-GBN] Recebido em ordem DATA seq=1753. ACK=1753
[RUDP-GBN] Recebido em ordem DATA seq=1754. ACK=1754
[RUDP-GBN] Recebido em ordem DATA seq=1755. ACK=1755
[RUDP-GBN] Recebido em ordem DATA seq=1756. ACK=1756
[RUDP-GBN] Recebido em ordem DATA seq=1757. ACK=1757
[RUDP-GBN] Recebido em ordem DATA seq=1758. ACK=1758
[RUDP-GBN] Recebido em ordem DATA seq=1759. ACK=1759
[RUDP-GBN] Recebido em ordem DATA seq=1760. ACK=1760
[RUDP-GBN] Recebido em ordem DATA seq=1761. ACK=1761
[RUDP-GBN] Recebido em ordem DATA seq=1762. ACK=1762
[RUDP-GBN] Recebido em ordem DATA seq=1763. ACK=1763
[RUDP-GBN] Recebido em ordem DATA seq=1764. ACK=1764
[RUDP-GBN] Recebido em ordem DATA seq=1765. ACK=1765
[RUDP-GBN] Recebido em ordem DATA seq=1766. ACK=1766
[RUDP-GBN] Recebido em ordem DATA seq=1767. ACK=1767
[RUDP-GBN] Recebido em ordem DATA seq=1768. ACK=1768
[RUDP-GBN] Recebido em ordem DATA seq=1769. ACK=1769
[RUDP-GBN] Recebido em ordem DATA seq=1770. ACK=1770
[RUDP-GBN] Recebido em ordem DATA seq=1771. ACK=1771
[RUDP-GBN] Recebido em ordem DATA seq=1772. ACK=1772
[RUDP-GBN] Recebido em ordem DATA seq=1773. ACK=1773
[RUDP-GBN] Recebido em ordem DATA seq=1774. ACK=1774
[RUDP-GBN] Recebido em ordem DATA seq=1775. ACK=1775
[RUDP-GBN] Recebido em ordem DATA seq=1776. ACK=1776
[RUDP-GBN] Recebido em ordem DATA seq=1777. ACK=1777
[RUDP-GBN] Recebido em ordem DATA seq=1778. ACK=1778
[RUDP-GBN] Recebido em ordem DATA seq=1779. ACK=1779
[RUDP-GBN] Recebido em ordem DATA seq=1780. ACK=1780
[RUDP-GBN] Recebido em ordem DATA seq=1781. ACK=1781
[RUDP-GBN] Recebido em ordem DATA seq=1782. ACK=1782
[RUDP-GBN] Recebido em ordem DATA seq=1783. ACK=1783
[RUDP-GBN] Recebido em ordem DATA seq=1784. ACK=1784
[RUDP-GBN] Recebido em ordem DATA seq=1785. ACK=1785
[RUDP-GBN] Recebido em ordem DATA seq=1786. ACK=1786
[RUDP-GBN] Recebido em ordem DATA seq=1787. ACK=1787
[RUDP-GBN] Recebido em ordem DATA seq=1788. ACK=1788
[RUDP-GBN] Recebido em ordem DATA seq=1789. ACK=1789
[RUDP-GBN] Recebido em ordem DATA seq=1790. ACK=1790
[RUDP-GBN] Recebido em ordem DATA seq=1791. ACK=1791
[RUDP-GBN] Recebido em ordem DATA seq=1792. ACK=1792
[RUDP-GBN] Recebido em ordem DATA seq=1793. ACK=1793
[RUDP-GBN] Recebido em ordem DATA seq=1794. ACK=1794
[RUDP-GBN] Recebido em ordem DATA seq=1795. ACK=1795
[RUDP-GBN] Recebido em ordem DATA seq=1796. ACK=1796
[RUDP-GBN] Recebido em ordem DATA seq=1797. ACK=1797
[RUDP-GBN] Recebido em ordem DATA seq=1798. ACK=1798
[RUDP-GBN] Recebido em ordem DATA seq=1799. ACK=1799
[RUDP-GBN] Recebido em ordem DATA seq=1800. ACK=1800
[RUDP-GBN] Recebido em ordem DATA seq=1801. ACK=1801
[RUDP-GBN] Recebido em ordem DATA seq=1802. ACK=1802
[RUDP-GBN] Recebido em ordem DATA seq=1803. ACK=1803
[RUDP-GBN] Recebido em ordem DATA seq=1804. ACK=1804
[RUDP-GBN] Recebido em ordem DATA seq=1805. ACK=1805
[RUDP-GBN] Recebido em ordem DATA seq=1806. ACK=1806
[RUDP-GBN] Recebido em ordem DATA seq=1807. ACK=1807
[RUDP-GBN] Recebido em ordem DATA seq=1808. ACK=1808
[RUDP-GBN] Recebido em ordem DATA seq=1809. ACK=1809
[RUDP-GBN] Recebido em ordem DATA seq=1810. ACK=1810
[RUDP-GBN] Recebido em ordem DATA seq=1811. ACK=1811
[RUDP-GBN] Recebido em ordem DATA seq=1812. ACK=1812
[RUDP-GBN] Recebido em ordem DATA seq=1813. ACK=1813
[RUDP-GBN] Recebido em ordem DATA seq=1814. ACK=1814
[RUDP-GBN] Recebido em ordem DATA seq=1815. ACK=1815
[RUDP-GBN] Recebido em ordem DATA seq=1816. ACK=1816
[RUDP-GBN] Recebido em ordem DATA seq=1817. ACK=1817
[RUDP-GBN] Recebido em ordem DATA seq=1818. ACK=1818
[RUDP-GBN] Recebido em ordem DATA seq=1819. ACK=1819
[RUDP-GBN] Recebido em ordem DATA seq=1820. ACK=1820
[RUDP-GBN] Recebido em ordem DATA seq=1821. ACK=1821
[RUDP-GBN] Recebido em ordem DATA seq=1822. ACK=1822
[RUDP-GBN] Recebido em ordem DATA seq=1823. ACK=1823
[RUDP-GBN] Recebido em ordem DATA seq=1824. ACK=1824
[RUDP-GBN] Recebido em ordem DATA seq=1825. ACK=1825
[RUDP-GBN] Recebido em ordem DATA seq=1826. ACK=1826
[RUDP-GBN] Recebido em ordem DATA seq=1827. ACK=1827
[RUDP-GBN] Recebido em ordem DATA seq=1828. ACK=1828
[RUDP-GBN] Recebido em ordem DATA seq=1829. ACK=1829
[RUDP-GBN] Recebido em ordem DATA seq=1830. ACK=1830
[RUDP-GBN] Recebido em ordem DATA seq=1831. ACK=1831
[RUDP-GBN] Recebido em ordem DATA seq=1832. ACK=1832
[RUDP-GBN] Recebido em ordem DATA seq=1833. ACK=1833
[RUDP-GBN] Recebido em ordem DATA seq=1834. ACK=1834
[RUDP-GBN] Recebido em ordem DATA seq=1835. ACK=1835
[RUDP-GBN] Recebido em ordem DATA seq=1836. ACK=1836
[RUDP-GBN] Recebido em ordem DATA seq=1837. ACK=1837
[RUDP-GBN] Recebido em ordem DATA seq=1838. ACK=1838
[RUDP-GBN] Recebido em ordem DATA seq=1839. ACK=1839
[RUDP-GBN] Recebido em ordem DATA seq=1840. ACK=1840
[RUDP-GBN] Recebido em ordem DATA seq=1841. ACK=1841
[RUDP-GBN] Recebido em ordem DATA seq=1842. ACK=1842
[RUDP-GBN] Recebido em ordem DATA seq=1843. ACK=1843
[RUDP-GBN] Recebido em ordem DATA seq=1844. ACK=1844
[RUDP-GBN] Recebido em ordem DATA seq=1845. ACK=1845
[RUDP-GBN] Recebido em ordem DATA seq=1846. ACK=1846
[RUDP-GBN] Recebido em ordem DATA seq=1847. ACK=1847
[RUDP-GBN] Recebido em ordem DATA seq=1848. ACK=1848
[RUDP-GBN] Recebido em ordem DATA seq=1849. ACK=1849
[RUDP-GBN] Recebido em ordem DATA seq=1850. ACK=1850
[RUDP-GBN] Recebido em ordem DATA seq=1851. ACK=1851
[RUDP-GBN] Recebido em ordem DATA seq=1852. ACK=1852
[RUDP-GBN] Recebido em ordem DATA seq=1853. ACK=1853
[RUDP-GBN] Recebido em ordem DATA seq=1854. ACK=1854
[RUDP-GBN] Recebido em ordem DATA seq=1855. ACK=1855
[RUDP-GBN] Recebido em ordem DATA seq=1856. ACK=1856
[RUDP-GBN] Recebido em ordem DATA seq=1857. ACK=1857
[RUDP-GBN] Recebido em ordem DATA seq=1858. ACK=1858
[RUDP-GBN] Recebido em ordem DATA seq=1859. ACK=1859
[RUDP-GBN] Recebido em ordem DATA seq=1860. ACK=1860
[RUDP-GBN] Recebido em ordem DATA seq=1861. ACK=1861
[RUDP-GBN] Recebido em ordem DATA seq=1862. ACK=1862
[RUDP-GBN] Recebido em ordem DATA seq=1863. ACK=1863
[RUDP-GBN] Recebido em ordem DATA seq=1864. ACK=1864
[RUDP-GBN] Recebido em ordem DATA seq=1865. ACK=1865
[RUDP-GBN] Recebido em ordem DATA seq=1866. ACK=1866
[RUDP-GBN] Recebido em ordem DATA seq=1867. ACK=1867
[RUDP-GBN] Recebido em ordem DATA seq=1868. ACK=1868
[RUDP-GBN] Recebido em ordem DATA seq=1869. ACK=1869
[RUDP-GBN] Recebido em ordem DATA seq=1870. ACK=1870
[RUDP-GBN] Recebido em ordem DATA seq=1871. ACK=1871
[RUDP-GBN] Recebido em ordem DATA seq=1872. ACK=1872
[RUDP-GBN] Recebido em ordem DATA seq=1873. ACK=1873
[RUDP-GBN] Recebido em ordem DATA seq=1874. ACK=1874
[RUDP-GBN] Recebido em ordem DATA seq=1875. ACK=1875
[RUDP-GBN] Recebido em ordem DATA seq=1876. ACK=1876
[RUDP-GBN] Recebido em ordem DATA seq=1877. ACK=1877
[RUDP-GBN] Recebido em ordem DATA seq=1878. ACK=1878
[RUDP-GBN] Recebido em ordem DATA seq=1879. ACK=1879
[RUDP-GBN] Recebido em ordem DATA seq=1880. ACK=1880
[RUDP-GBN] Recebido em ordem DATA seq=1881. ACK=1881
[RUDP-GBN] Recebido em ordem DATA seq=1882. ACK=1882
[RUDP-GBN] Recebido em ordem DATA seq=1883. ACK=1883
[RUDP-GBN] Recebido em ordem DATA seq=1884. ACK=1884
[RUDP-GBN] Recebido em ordem DATA seq=1885. ACK=1885
[RUDP-GBN] Recebido em ordem DATA seq=1886. ACK=1886
[RUDP-GBN] Recebido em ordem DATA seq=1887. ACK=1887
[RUDP-GBN] Recebido em ordem DATA seq=1888. ACK=1888
[RUDP-GBN] Recebido em ordem DATA seq=1889. ACK=1889
[RUDP-GBN] Recebido em ordem DATA seq=1890. ACK=1890
[RUDP-GBN] Recebido em ordem DATA seq=1891. ACK=1891
[RUDP-GBN] Recebido em ordem DATA seq=1892. ACK=1892
[RUDP-GBN] Recebido em ordem DATA seq=1893. ACK=1893
[RUDP-GBN] Recebido em ordem DATA seq=1894. ACK=1894
[RUDP-GBN] Recebido em ordem DATA seq=1895. ACK=1895
[RUDP-GBN] Recebido em ordem DATA seq=1896. ACK=1896
[RUDP-GBN] Recebido em ordem DATA seq=1897. ACK=1897
[RUDP-GBN] Recebido em ordem DATA seq=1898. ACK=1898
[RUDP-GBN] Recebido em ordem DATA seq=1899. ACK=1899
[RUDP-GBN] Recebido em ordem DATA seq=1900. ACK=1900
[RUDP-GBN] Recebido em ordem DATA seq=1901. ACK=1901
[RUDP-GBN] Recebido em ordem DATA seq=1902. ACK=1902
[RUDP-GBN] Recebido em ordem DATA seq=1903. ACK=1903
[RUDP-GBN] Recebido em ordem DATA seq=1904. ACK=1904
[RUDP-GBN] Recebido em ordem DATA seq=1905. ACK=1905
[RUDP-GBN] Recebido em ordem DATA seq=1906. ACK=1906
[RUDP-GBN] Recebido em ordem DATA seq=1907. ACK=1907
[RUDP-GBN] Recebido em ordem DATA seq=1908. ACK=1908
[RUDP-GBN] Recebido em ordem DATA seq=1909. ACK=1909
[RUDP-GBN] Recebido em ordem DATA seq=1910. ACK=1910
[RUDP-GBN] Recebido em ordem DATA seq=1911. ACK=1911
[RUDP-GBN] Recebido em ordem DATA seq=1912. ACK=1912
[RUDP-GBN] Recebido em ordem DATA seq=1913. ACK=1913
[RUDP-GBN] Recebido em ordem DATA seq=1914. ACK=1914
[RUDP-GBN] Recebido em ordem DATA seq=1915. ACK=1915
[RUDP-GBN] Recebido em ordem DATA seq=1916. ACK=1916
[RUDP-GBN] Recebido em ordem DATA seq=1917. ACK=1917
[RUDP-GBN] Recebido em ordem DATA seq=1918. ACK=1918
[RUDP-GBN] Recebido em ordem DATA seq=1919. ACK=1919
[RUDP-GBN] Recebido em ordem DATA seq=1920. ACK=1920
[RUDP-GBN] Recebido em ordem DATA seq=1921. ACK=1921
[RUDP-GBN] Recebido em ordem DATA seq=1922. ACK=1922
[RUDP-GBN] Recebido em ordem DATA seq=1923. ACK=1923
[RUDP-GBN] Recebido em ordem DATA seq=1924. ACK=1924
[RUDP-GBN] Recebido em ordem DATA seq=1925. ACK=1925
[RUDP-GBN] Recebido em ordem DATA seq=1926. ACK=1926
[RUDP-GBN] Recebido em ordem DATA seq=1927. ACK=1927
[RUDP-GBN] Recebido em ordem DATA seq=1928. ACK=1928
[RUDP-GBN] Recebido em ordem DATA seq=1929. ACK=1929
[RUDP-GBN] Recebido em ordem DATA seq=1930. ACK=1930
[RUDP-GBN] Recebido em ordem DATA seq=1931. ACK=1931
[RUDP-GBN] Recebido em ordem DATA seq=1932. ACK=1932
[RUDP-GBN] Recebido em ordem DATA seq=1933. ACK=1933
[RUDP-GBN] Recebido em ordem DATA seq=1934. ACK=1934
[RUDP-GBN] Recebido em ordem DATA seq=1935. ACK=1935
[RUDP-GBN] Recebido em ordem DATA seq=1936. ACK=1936
[RUDP-GBN] Recebido em ordem DATA seq=1937. ACK=1937
[RUDP-GBN] Recebido em ordem DATA seq=1938. ACK=1938
[RUDP-GBN] Recebido em ordem DATA seq=1939. ACK=1939
[RUDP-GBN] Recebido em ordem DATA seq=1940. ACK=1940
[RUDP-GBN] Recebido em ordem DATA seq=1941. ACK=1941
[RUDP-GBN] Recebido em ordem DATA seq=1942. ACK=1942
[RUDP-GBN] Recebido em ordem DATA seq=1943. ACK=1943
[RUDP-GBN] Recebido em ordem DATA seq=1944. ACK=1944
[RUDP-GBN] Recebido em ordem DATA seq=1945. ACK=1945
[RUDP-GBN] Recebido em ordem DATA seq=1946. ACK=1946
[RUDP-GBN] Recebido em ordem DATA seq=1947. ACK=1947
[RUDP-GBN] Recebido em ordem DATA seq=1948. ACK=1948
[RUDP-GBN] Recebido em ordem DATA seq=1949. ACK=1949
[RUDP-GBN] Recebido em ordem DATA seq=1950. ACK=1950
[RUDP-GBN] Recebido em ordem DATA seq=1951. ACK=1951
[RUDP-GBN] Recebido em ordem DATA seq=1952. ACK=1952
[RUDP-GBN] Recebido em ordem DATA seq=1953. ACK=1953
[RUDP-GBN] Recebido em ordem DATA seq=1954. ACK=1954
[RUDP-GBN] Recebido em ordem DATA seq=1955. ACK=1955
[RUDP-GBN] Recebido em ordem DATA seq=1956. ACK=1956
[RUDP-GBN] Recebido em ordem DATA seq=1957. ACK=1957
[RUDP-GBN] Recebido em ordem DATA seq=1958. ACK=1958
[RUDP-GBN] Recebido em ordem DATA seq=1959. ACK=1959
[RUDP-GBN] Recebido em ordem DATA seq=1960. ACK=1960
[RUDP-GBN] Recebido em ordem DATA seq=1961. ACK=1961
[RUDP-GBN] Recebido em ordem DATA seq=1962. ACK=1962
[RUDP-GBN] Recebido em ordem DATA seq=1963. ACK=1963
[RUDP-GBN] Recebido em ordem DATA seq=1964. ACK=1964
[RUDP-GBN] Recebido em ordem DATA seq=1965. ACK=1965
[RUDP-GBN] Recebido em ordem DATA seq=1966. ACK=1966
[RUDP-GBN] Recebido em ordem DATA seq=1967. ACK=1967
[RUDP-GBN] Recebido em ordem DATA seq=1968. ACK=1968
[RUDP-GBN] Recebido em ordem DATA seq=1969. ACK=1969
[RUDP-GBN] Recebido em ordem DATA seq=1970. ACK=1970
[RUDP-GBN] Recebido em ordem DATA seq=1971. ACK=1971
[RUDP-GBN] Recebido em ordem DATA seq=1972. ACK=1972
[RUDP-GBN] Recebido em ordem DATA seq=1973. ACK=1973
[RUDP-GBN] Recebido em ordem DATA seq=1974. ACK=1974
[RUDP-GBN] Recebido em ordem DATA seq=1975. ACK=1975
[RUDP-GBN] Recebido em ordem DATA seq=1976. ACK=1976
[RUDP-GBN] Recebido em ordem DATA seq=1977. ACK=1977
[RUDP-GBN] Recebido em ordem DATA seq=1978. ACK=1978
[RUDP-GBN] Recebido em ordem DATA seq=1979. ACK=1979
[RUDP-GBN] Recebido em ordem DATA seq=1980. ACK=1980
[RUDP-GBN] Recebido em ordem DATA seq=1981. ACK=1981
[RUDP-GBN] Recebido em ordem DATA seq=1982. ACK=1982
[RUDP-GBN] Recebido em ordem DATA seq=1983. ACK=1983
[RUDP-GBN] Recebido em ordem DATA seq=1984. ACK=1984
[RUDP-GBN] Recebido em ordem DATA seq=1985. ACK=1985
[RUDP-GBN] Recebido em ordem DATA seq=1986. ACK=1986
[RUDP-GBN] Recebido em ordem DATA seq=1987. ACK=1987
[RUDP-GBN] Recebido em ordem DATA seq=1988. ACK=1988
[RUDP-GBN] Recebido em ordem DATA seq=1989. ACK=1989
[RUDP-GBN] Recebido em ordem DATA seq=1990. ACK=1990
[RUDP-GBN] Recebido em ordem DATA seq=1991. ACK=1991
[RUDP-GBN] Recebido em ordem DATA seq=1992. ACK=1992
[RUDP-GBN] Recebido em ordem DATA seq=1993. ACK=1993
[RUDP-GBN] Recebido em ordem DATA seq=1994. ACK=1994
[RUDP-GBN] Recebido em ordem DATA seq=1995. ACK=1995
[RUDP-GBN] Recebido em ordem DATA seq=1996. ACK=1996
[RUDP-GBN] Recebido em ordem DATA seq=1997. ACK=1997
[RUDP-GBN] Recebido em ordem DATA seq=1998. ACK=1998
[RUDP-GBN] Recebido em ordem DATA seq=1999. ACK=1999
[RUDP-GBN] Recebido em ordem DATA seq=2000. ACK=2000
[RUDP-GBN] Recebido em ordem DATA seq=2001. ACK=2001
[RUDP-GBN] Recebido em ordem DATA seq=2002. ACK=2002
[RUDP-GBN] Recebido em ordem DATA seq=2003. ACK=2003
[RUDP-GBN] Recebido em ordem DATA seq=2004. ACK=2004
[RUDP-GBN] Recebido em ordem DATA seq=2005. ACK=2005
[RUDP-GBN] Recebido em ordem DATA seq=2006. ACK=2006
[RUDP-GBN] Recebido em ordem DATA seq=2007. ACK=2007
[RUDP-GBN] Recebido em ordem DATA seq=2008. ACK=2008
[RUDP-GBN] Recebido em ordem DATA seq=2009. ACK=2009
[RUDP-GBN] Recebido em ordem DATA seq=2010. ACK=2010
[RUDP-GBN] Recebido em ordem DATA seq=2011. ACK=2011
[RUDP-GBN] Recebido em ordem DATA seq=2012. ACK=2012
[RUDP-GBN] Recebido em ordem DATA seq=2013. ACK=2013
[RUDP-GBN] Recebido em ordem DATA seq=2014. ACK=2014
[RUDP-GBN] Recebido em ordem DATA seq=2015. ACK=2015
[RUDP-GBN] Recebido em ordem DATA seq=2016. ACK=2016
[RUDP-GBN] Recebido em ordem DATA seq=2017. ACK=2017
[RUDP-GBN] Recebido em ordem DATA seq=2018. ACK=2018
[RUDP-GBN] Recebido em ordem DATA seq=2019. ACK=2019
[RUDP-GBN] Recebido em ordem DATA seq=2020. ACK=2020
[RUDP-GBN] Recebido em ordem DATA seq=2021. ACK=2021
[RUDP-GBN] Recebido em ordem DATA seq=2022. ACK=2022
[RUDP-GBN] Recebido em ordem DATA seq=2023. ACK=2023
[RUDP-GBN] Recebido em ordem DATA seq=2024. ACK=2024
[RUDP-GBN] Recebido em ordem DATA seq=2025. ACK=2025
[RUDP-GBN] Recebido em ordem DATA seq=2026. ACK=2026
[RUDP-GBN] Recebido em ordem DATA seq=2027. ACK=2027
[RUDP-GBN] Recebido em ordem DATA seq=2028. ACK=2028
[RUDP-GBN] Recebido em ordem DATA seq=2029. ACK=2029
[RUDP-GBN] Recebido em ordem DATA seq=2030. ACK=2030
[RUDP-GBN] Recebido em ordem DATA seq=2031. ACK=2031
[RUDP-GBN] Recebido em ordem DATA seq=2032. ACK=2032
[RUDP-GBN] Recebido em ordem DATA seq=2033. ACK=2033
[RUDP-GBN] Recebido em ordem DATA seq=2034. ACK=2034
[RUDP-GBN] Recebido em ordem DATA seq=2035. ACK=2035
[RUDP-GBN] Recebido em ordem DATA seq=2036. ACK=2036
[RUDP-GBN] Recebido em ordem DATA seq=2037. ACK=2037
[RUDP-GBN] Recebido em ordem DATA seq=2038. ACK=2038
[RUDP-GBN] Recebido em ordem DATA seq=2039. ACK=2039
[RUDP-GBN] Recebido em ordem DATA seq=2040. ACK=2040
[RUDP-GBN] Recebido em ordem DATA seq=2041. ACK=2041
[RUDP-GBN] Recebido em ordem DATA seq=2042. ACK=2042
[RUDP-GBN] Recebido em ordem DATA seq=2043. ACK=2043
[RUDP-GBN] Recebido em ordem DATA seq=2044. ACK=2044
[RUDP-GBN] Recebido em ordem DATA seq=2045. ACK=2045
[RUDP-GBN] Recebido em ordem DATA seq=2046. ACK=2046
[RUDP-GBN] Recebido em ordem DATA seq=2047. ACK=2047
[RUDP-GBN] Recebido em ordem DATA seq=2048. ACK=2048
[RUDP-GBN] Recebido em ordem DATA seq=2049. ACK=2049
[RUDP-GBN] Recebido em ordem DATA seq=2050. ACK=2050
[RUDP-GBN] Recebido em ordem DATA seq=2051. ACK=2051
[RUDP-GBN] Recebido em ordem DATA seq=2052. ACK=2052
[RUDP-GBN] Recebido em ordem DATA seq=2053. ACK=2053
[RUDP-GBN] Recebido em ordem DATA seq=2054. ACK=2054
[RUDP-GBN] Recebido em ordem DATA seq=2055. ACK=2055
[RUDP-GBN] Recebido em ordem DATA seq=2056. ACK=2056
[RUDP-GBN] Recebido em ordem DATA seq=2057. ACK=2057
[RUDP-GBN] Recebido em ordem DATA seq=2058. ACK=2058
[RUDP-GBN] Recebido em ordem DATA seq=2059. ACK=2059
[RUDP-GBN] Recebido em ordem DATA seq=2060. ACK=2060
[RUDP-GBN] Recebido em ordem DATA seq=2061. ACK=2061
[RUDP-GBN] Recebido em ordem DATA seq=2062. ACK=2062
[RUDP-GBN] Recebido em ordem DATA seq=2063. ACK=2063
[RUDP-GBN] Recebido em ordem DATA seq=2064. ACK=2064
[RUDP-GBN] Recebido em ordem DATA seq=2065. ACK=2065
[RUDP-GBN] Recebido em ordem DATA seq=2066. ACK=2066
[RUDP-GBN] Recebido em ordem DATA seq=2067. ACK=2067
[RUDP-GBN] Recebido em ordem DATA seq=2068. ACK=2068
[RUDP-GBN] Recebido em ordem DATA seq=2069. ACK=2069
[RUDP-GBN] Recebido em ordem DATA seq=2070. ACK=2070
[RUDP-GBN] Recebido em ordem DATA seq=2071. ACK=2071
[RUDP-GBN] Recebido em ordem DATA seq=2072. ACK=2072
[RUDP-GBN] Recebido em ordem DATA seq=2073. ACK=2073
[RUDP-GBN] Recebido em ordem DATA seq=2074. ACK=2074
[RUDP-GBN] Recebido em ordem DATA seq=2075. ACK=2075
[RUDP-GBN] Recebido em ordem DATA seq=2076. ACK=2076
[RUDP-GBN] Recebido em ordem DATA seq=2077. ACK=2077
[RUDP-GBN] Recebido em ordem DATA seq=2078. ACK=2078
[RUDP-GBN] Recebido em ordem DATA seq=2079. ACK=2079
[RUDP-GBN] Recebido em ordem DATA seq=2080. ACK=2080
[RUDP-GBN] Recebido em ordem DATA seq=2081. ACK=2081
[RUDP-GBN] Recebido em ordem DATA seq=2082. ACK=2082
[RUDP-GBN] Recebido em ordem DATA seq=2083. ACK=2083
[RUDP-GBN] Recebido em ordem DATA seq=2084. ACK=2084
[RUDP-GBN] Recebido em ordem DATA seq=2085. ACK=2085
[RUDP-GBN] Recebido em ordem DATA seq=2086. ACK=2086
[RUDP-GBN] Recebido em ordem DATA seq=2087. ACK=2087
[RUDP-GBN] Recebido em ordem DATA seq=2088. ACK=2088
[RUDP-GBN] Recebido em ordem DATA seq=2089. ACK=2089
[RUDP-GBN] Recebido em ordem DATA seq=2090. ACK=2090
[RUDP-GBN] Recebido em ordem DATA seq=2091. ACK=2091
[RUDP-GBN] Recebido em ordem DATA seq=2092. ACK=2092
[RUDP-GBN] Recebido em ordem DATA seq=2093. ACK=2093
[RUDP-GBN] Recebido em ordem DATA seq=2094. ACK=2094
[RUDP-GBN] Recebido em ordem DATA seq=2095. ACK=2095
[RUDP-GBN] Recebido em ordem DATA seq=2096. ACK=2096
[RUDP-GBN] Recebido em ordem DATA seq=2097. ACK=2097
[RUDP-GBN] Recebido em ordem DATA seq=2098. ACK=2098
[RUDP-GBN] Recebido em ordem DATA seq=2099. ACK=2099
[RUDP-GBN] Recebido em ordem DATA seq=2100. ACK=2100
[RUDP-GBN] Recebido em ordem DATA seq=2101. ACK=2101
[RUDP-GBN] Recebido em ordem DATA seq=2102. ACK=2102
[RUDP-GBN] Recebido em ordem DATA seq=2103. ACK=2103
[RUDP-GBN] Recebido em ordem DATA seq=2104. ACK=2104
[RUDP-GBN] Recebido em ordem DATA seq=2105. ACK=2105
[RUDP-GBN] Recebido em ordem DATA seq=2106. ACK=2106
[RUDP-GBN] Recebido em ordem DATA seq=2107. ACK=2107
[RUDP-GBN] Recebido em ordem DATA seq=2108. ACK=2108
[RUDP-GBN] Recebido em ordem DATA seq=2109. ACK=2109
[RUDP-GBN] Recebido em ordem DATA seq=2110. ACK=2110
[RUDP-GBN] Recebido em ordem DATA seq=2111. ACK=2111
[RUDP-GBN] Recebido em ordem DATA seq=2112. ACK=2112
[RUDP-GBN] Recebido em ordem DATA seq=2113. ACK=2113
[RUDP-GBN] Recebido em ordem DATA seq=2114. ACK=2114
[RUDP-GBN] Recebido em ordem DATA seq=2115. ACK=2115
[RUDP-GBN] Recebido em ordem DATA seq=2116. ACK=2116
[RUDP-GBN] Recebido em ordem DATA seq=2117. ACK=2117
[RUDP-GBN] Recebido em ordem DATA seq=2118. ACK=2118
[RUDP-GBN] Recebido em ordem DATA seq=2119. ACK=2119
[RUDP-GBN] Recebido em ordem DATA seq=2120. ACK=2120
[RUDP-GBN] Recebido em ordem DATA seq=2121. ACK=2121
[RUDP-GBN] Recebido em ordem DATA seq=2122. ACK=2122
[RUDP-GBN] Recebido em ordem DATA seq=2123. ACK=2123
[RUDP-GBN] Recebido em ordem DATA seq=2124. ACK=2124
[RUDP-GBN] Recebido em ordem DATA seq=2125. ACK=2125
[RUDP-GBN] Recebido em ordem DATA seq=2126. ACK=2126
[RUDP-GBN] Recebido em ordem DATA seq=2127. ACK=2127
[RUDP-GBN] Recebido em ordem DATA seq=2128. ACK=2128
[RUDP-GBN] Recebido em ordem DATA seq=2129. ACK=2129
[RUDP-GBN] Recebido em ordem DATA seq=2130. ACK=2130
[RUDP-GBN] Recebido em ordem DATA seq=2131. ACK=2131
[RUDP-GBN] Recebido em ordem DATA seq=2132. ACK=2132
[RUDP-GBN] Recebido em ordem DATA seq=2133. ACK=2133
[RUDP-GBN] Recebido em ordem DATA seq=2134. ACK=2134
[RUDP-GBN] Recebido em ordem DATA seq=2135. ACK=2135
[RUDP-GBN] Recebido em ordem DATA seq=2136. ACK=2136
[RUDP-GBN] Recebido em ordem DATA seq=2137. ACK=2137
[RUDP-GBN] Recebido em ordem DATA seq=2138. ACK=2138
[RUDP-GBN] Recebido em ordem DATA seq=2139. ACK=2139
[RUDP-GBN] Recebido em ordem DATA seq=2140. ACK=2140
[RUDP-GBN] Recebido em ordem DATA seq=2141. ACK=2141
[RUDP-GBN] Recebido em ordem DATA seq=2142. ACK=2142
[RUDP-GBN] Recebido em ordem DATA seq=2143. ACK=2143
[RUDP-GBN] Recebido em ordem DATA seq=2144. ACK=2144
[RUDP-GBN] Recebido em ordem DATA seq=2145. ACK=2145
[RUDP-GBN] Recebido em ordem DATA seq=2146. ACK=2146
[RUDP-GBN] Recebido em ordem DATA seq=2147. ACK=2147
[RUDP-GBN] Recebido em ordem DATA seq=2148. ACK=2148
[RUDP-GBN] Recebido em ordem DATA seq=2149. ACK=2149
[RUDP-GBN] Recebido em ordem DATA seq=2150. ACK=2150
[RUDP-GBN] Recebido em ordem DATA seq=2151. ACK=2151
[RUDP-GBN] Recebido em ordem DATA seq=2152. ACK=2152
[RUDP-GBN] Recebido em ordem DATA seq=2153. ACK=2153
[RUDP-GBN] Recebido em ordem DATA seq=2154. ACK=2154
[RUDP-GBN] Recebido em ordem DATA seq=2155. ACK=2155
[RUDP-GBN] Recebido em ordem DATA seq=2156. ACK=2156
[RUDP-GBN] Recebido em ordem DATA seq=2157. ACK=2157
[RUDP-GBN] Recebido em ordem DATA seq=2158. ACK=2158
[RUDP-GBN] Recebido em ordem DATA seq=2159. ACK=2159
[RUDP-GBN] Recebido em ordem DATA seq=2160. ACK=2160
[RUDP-GBN] Recebido em ordem DATA seq=2161. ACK=2161
[RUDP-GBN] Recebido em ordem DATA seq=2162. ACK=2162
[RUDP-GBN] Recebido em ordem DATA seq=2163. ACK=2163
[RUDP-GBN] Recebido em ordem DATA seq=2164. ACK=2164
[RUDP-GBN] Recebido em ordem DATA seq=2165. ACK=2165
[RUDP-GBN] Recebido em ordem DATA seq=2166. ACK=2166
[RUDP-GBN] Recebido em ordem DATA seq=2167. ACK=2167
[RUDP-GBN] Recebido em ordem DATA seq=2168. ACK=2168
[RUDP-GBN] Recebido em ordem DATA seq=2169. ACK=2169
[RUDP-GBN] Recebido em ordem DATA seq=2170. ACK=2170
[RUDP-GBN] Recebido em ordem DATA seq=2171. ACK=2171
[RUDP-GBN] Recebido em ordem DATA seq=2172. ACK=2172
[RUDP-GBN] Recebido em ordem DATA seq=2173. ACK=2173
[RUDP-GBN] Recebido em ordem DATA seq=2174. ACK=2174
[RUDP-GBN] Recebido em ordem DATA seq=2175. ACK=2175
[RUDP-GBN] Recebido em ordem DATA seq=2176. ACK=2176
[RUDP-GBN] Recebido em ordem DATA seq=2177. ACK=2177
[RUDP-GBN] Recebido em ordem DATA seq=2178. ACK=2178
[RUDP-GBN] Recebido em ordem DATA seq=2179. ACK=2179
[RUDP-GBN] Recebido em ordem DATA seq=2180. ACK=2180
[RUDP-GBN] Recebido em ordem DATA seq=2181. ACK=2181
[RUDP-GBN] Recebido em ordem DATA seq=2182. ACK=2182
[RUDP-GBN] Recebido em ordem DATA seq=2183. ACK=2183
[RUDP-GBN] Recebido em ordem DATA seq=2184. ACK=2184
[RUDP-GBN] Recebido em ordem DATA seq=2185. ACK=2185
[RUDP-GBN] Recebido em ordem DATA seq=2186. ACK=2186
[RUDP-GBN] Recebido em ordem DATA seq=2187. ACK=2187
[RUDP-GBN] Recebido em ordem DATA seq=2188. ACK=2188
[RUDP-GBN] Recebido em ordem DATA seq=2189. ACK=2189
[RUDP-GBN] Recebido em ordem DATA seq=2190. ACK=2190
[RUDP-GBN] Recebido em ordem DATA seq=2191. ACK=2191
[RUDP-GBN] Recebido em ordem DATA seq=2192. ACK=2192
[RUDP-GBN] Recebido em ordem DATA seq=2193. ACK=2193
[RUDP-GBN] Recebido em ordem DATA seq=2194. ACK=2194
[RUDP-GBN] Recebido em ordem DATA seq=2195. ACK=2195
[RUDP-GBN] Recebido em ordem DATA seq=2196. ACK=2196
[RUDP-GBN] Recebido em ordem DATA seq=2197. ACK=2197
[RUDP-GBN] Recebido em ordem DATA seq=2198. ACK=2198
[RUDP-GBN] Recebido em ordem DATA seq=2199. ACK=2199
[RUDP-GBN] Recebido em ordem DATA seq=2200. ACK=2200
[RUDP-GBN] Recebido em ordem DATA seq=2201. ACK=2201
[RUDP-GBN] Recebido em ordem DATA seq=2202. ACK=2202
[RUDP-GBN] Recebido em ordem DATA seq=2203. ACK=2203
[RUDP-GBN] Recebido em ordem DATA seq=2204. ACK=2204
[RUDP-GBN] Recebido em ordem DATA seq=2205. ACK=2205
[RUDP-GBN] Recebido em ordem DATA seq=2206. ACK=2206
[RUDP-GBN] Recebido em ordem DATA seq=2207. ACK=2207
[RUDP-GBN] Recebido em ordem DATA seq=2208. ACK=2208
[RUDP-GBN] Recebido em ordem DATA seq=2209. ACK=2209
[RUDP-GBN] Recebido em ordem DATA seq=2210. ACK=2210
[RUDP-GBN] Recebido em ordem DATA seq=2211. ACK=2211
[RUDP-GBN] Recebido em ordem DATA seq=2212. ACK=2212
[RUDP-GBN] Recebido em ordem DATA seq=2213. ACK=2213
[RUDP-GBN] Recebido em ordem DATA seq=2214. ACK=2214
[RUDP-GBN] Recebido em ordem DATA seq=2215. ACK=2215
[RUDP-GBN] Recebido em ordem DATA seq=2216. ACK=2216
[RUDP-GBN] Recebido em ordem DATA seq=2217. ACK=2217
[RUDP-GBN] Recebido em ordem DATA seq=2218. ACK=2218
[RUDP-GBN] Recebido em ordem DATA seq=2219. ACK=2219
[RUDP-GBN] Recebido em ordem DATA seq=2220. ACK=2220
[RUDP-GBN] Recebido em ordem DATA seq=2221. ACK=2221
[RUDP-GBN] Recebido em ordem DATA seq=2222. ACK=2222
[RUDP-GBN] Recebido em ordem DATA seq=2223. ACK=2223
[RUDP-GBN] Recebido em ordem DATA seq=2224. ACK=2224
[RUDP-GBN] Recebido em ordem DATA seq=2225. ACK=2225
[RUDP-GBN] Recebido em ordem DATA seq=2226. ACK=2226
[RUDP-GBN] Recebido em ordem DATA seq=2227. ACK=2227
[RUDP-GBN] Recebido em ordem DATA seq=2228. ACK=2228
[RUDP-GBN] Recebido em ordem DATA seq=2229. ACK=2229
[RUDP-GBN] Recebido em ordem DATA seq=2230. ACK=2230
[RUDP-GBN] Recebido em ordem DATA seq=2231. ACK=2231
[RUDP-GBN] Recebido em ordem DATA seq=2232. ACK=2232
[RUDP-GBN] Recebido em ordem DATA seq=2233. ACK=2233
[RUDP-GBN] Recebido em ordem DATA seq=2234. ACK=2234
[RUDP-GBN] Recebido em ordem DATA seq=2235. ACK=2235
[RUDP-GBN] Recebido em ordem DATA seq=2236. ACK=2236
[RUDP-GBN] Recebido em ordem DATA seq=2237. ACK=2237
[RUDP-GBN] Recebido em ordem DATA seq=2238. ACK=2238
[RUDP-GBN] Recebido em ordem DATA seq=2239. ACK=2239
[RUDP-GBN] Recebido em ordem DATA seq=2240. ACK=2240
[RUDP-GBN] Recebido em ordem DATA seq=2241. ACK=2241
[RUDP-GBN] Recebido em ordem DATA seq=2242. ACK=2242
[RUDP-GBN] Recebido em ordem DATA seq=2243. ACK=2243
[RUDP-GBN] Recebido em ordem DATA seq=2244. ACK=2244
[RUDP-GBN] Recebido em ordem DATA seq=2245. ACK=2245
[RUDP-GBN] Recebido em ordem DATA seq=2246. ACK=2246
[RUDP-GBN] Recebido em ordem DATA seq=2247. ACK=2247
[RUDP-GBN] Recebido em ordem DATA seq=2248. ACK=2248
[RUDP-GBN] Recebido em ordem DATA seq=2249. ACK=2249
[RUDP-GBN] Recebido em ordem DATA seq=2250. ACK=2250
[RUDP-GBN] Recebido em ordem DATA seq=2251. ACK=2251
[RUDP-GBN] Recebido em ordem DATA seq=2252. ACK=2252
[RUDP-GBN] Recebido em ordem DATA seq=2253. ACK=2253
[RUDP-GBN] Recebido em ordem DATA seq=2254. ACK=2254
[RUDP-GBN] Recebido em ordem DATA seq=2255. ACK=2255
[RUDP-GBN] Recebido em ordem DATA seq=2256. ACK=2256
[RUDP-GBN] Recebido em ordem DATA seq=2257. ACK=2257
[RUDP-GBN] Recebido em ordem DATA seq=2258. ACK=2258
[RUDP-GBN] Recebido em ordem DATA seq=2259. ACK=2259
[RUDP-GBN] Recebido em ordem DATA seq=2260. ACK=2260
[RUDP-GBN] Recebido em ordem DATA seq=2261. ACK=2261
[RUDP-GBN] Recebido em ordem DATA seq=2262. ACK=2262
[RUDP-GBN] Recebido em ordem DATA seq=2263. ACK=2263
[RUDP-GBN] Recebido em ordem DATA seq=2264. ACK=2264
[RUDP-GBN] Recebido em ordem DATA seq=2265. ACK=2265
[RUDP-GBN] Recebido em ordem DATA seq=2266. ACK=2266
[RUDP-GBN] Recebido em ordem DATA seq=2267. ACK=2267
[RUDP-GBN] Recebido em ordem DATA seq=2268. ACK=2268
[RUDP-GBN] Recebido em ordem DATA seq=2269. ACK=2269
[RUDP-GBN] Recebido em ordem DATA seq=2270. ACK=2270
[RUDP-GBN] Recebido em ordem DATA seq=2271. ACK=2271
[RUDP-GBN] Recebido em ordem DATA seq=2272. ACK=2272
[RUDP-GBN] Recebido em ordem DATA seq=2273. ACK=2273
[RUDP-GBN] Recebido em ordem DATA seq=2274. ACK=2274
[RUDP-GBN] Recebido em ordem DATA seq=2275. ACK=2275
[RUDP-GBN] Recebido em ordem DATA seq=2276. ACK=2276
[RUDP-GBN] Recebido em ordem DATA seq=2277. ACK=2277
[RUDP-GBN] Recebido em ordem DATA seq=2278. ACK=2278
[RUDP-GBN] Recebido em ordem DATA seq=2279. ACK=2279
[RUDP-GBN] Recebido em ordem DATA seq=2280. ACK=2280
[RUDP-GBN] Recebido em ordem DATA seq=2281. ACK=2281
[RUDP-GBN] Recebido em ordem DATA seq=2282. ACK=2282
[RUDP-GBN] Recebido em ordem DATA seq=2283. ACK=2283
[RUDP-GBN] Recebido em ordem DATA seq=2284. ACK=2284
[RUDP-GBN] Recebido em ordem DATA seq=2285. ACK=2285
[RUDP-GBN] Recebido em ordem DATA seq=2286. ACK=2286
[RUDP-GBN] Recebido em ordem DATA seq=2287. ACK=2287
[RUDP-GBN] Recebido em ordem DATA seq=2288. ACK=2288
[RUDP-GBN] Recebido em ordem DATA seq=2289. ACK=2289
[RUDP-GBN] Recebido em ordem DATA seq=2290. ACK=2290
[RUDP-GBN] Recebido em ordem DATA seq=2291. ACK=2291
[RUDP-GBN] Recebido em ordem DATA seq=2292. ACK=2292
[RUDP-GBN] Recebido em ordem DATA seq=2293. ACK=2293
[RUDP-GBN] Recebido em ordem DATA seq=2294. ACK=2294
[RUDP-GBN] Recebido em ordem DATA seq=2295. ACK=2295
[RUDP-GBN] Recebido em ordem DATA seq=2296. ACK=2296
[RUDP-GBN] Recebido em ordem DATA seq=2297. ACK=2297
[RUDP-GBN] Recebido em ordem DATA seq=2298. ACK=2298
[RUDP-GBN] Recebido em ordem DATA seq=2299. ACK=2299
[RUDP-GBN] Recebido em ordem DATA seq=2300. ACK=2300
[RUDP-GBN] Recebido em ordem DATA seq=2301. ACK=2301
[RUDP-GBN] Recebido em ordem DATA seq=2302. ACK=2302
[RUDP-GBN] Recebido em ordem DATA seq=2303. ACK=2303
[RUDP-GBN] Recebido em ordem DATA seq=2304. ACK=2304
[RUDP-GBN] Recebido em ordem DATA seq=2305. ACK=2305
[RUDP-GBN] Recebido em ordem DATA seq=2306. ACK=2306
[RUDP-GBN] Recebido em ordem DATA seq=2307. ACK=2307
[RUDP-GBN] Recebido em ordem DATA seq=2308. ACK=2308
[RUDP-GBN] Recebido em ordem DATA seq=2309. ACK=2309
[RUDP-GBN] Recebido em ordem DATA seq=2310. ACK=2310
[RUDP-GBN] Recebido em ordem DATA seq=2311. ACK=2311
[RUDP-GBN] Recebido em ordem DATA seq=2312. ACK=2312
[RUDP-GBN] Recebido em ordem DATA seq=2313. ACK=2313
[RUDP-GBN] Recebido em ordem DATA seq=2314. ACK=2314
[RUDP-GBN] Recebido em ordem DATA seq=2315. ACK=2315
[RUDP-GBN] Recebido em ordem DATA seq=2316. ACK=2316
[RUDP-GBN] Recebido em ordem DATA seq=2317. ACK=2317
[RUDP-GBN] Recebido em ordem DATA seq=2318. ACK=2318
[RUDP-GBN] Recebido em ordem DATA seq=2319. ACK=2319
[RUDP-GBN] Recebido em ordem DATA seq=2320. ACK=2320
[RUDP-GBN] Recebido em ordem DATA seq=2321. ACK=2321
[RUDP-GBN] Recebido em ordem DATA seq=2322. ACK=2322
[RUDP-GBN] Recebido em ordem DATA seq=2323. ACK=2323
[RUDP-GBN] Recebido em ordem DATA seq=2324. ACK=2324
[RUDP-GBN] Recebido em ordem DATA seq=2325. ACK=2325
[RUDP-GBN] Recebido em ordem DATA seq=2326. ACK=2326
[RUDP-GBN] Recebido em ordem DATA seq=2327. ACK=2327
[RUDP-GBN] Recebido em ordem DATA seq=2328. ACK=2328
[RUDP-GBN] Recebido em ordem DATA seq=2329. ACK=2329
[RUDP-GBN] Recebido em ordem DATA seq=2330. ACK=2330
[RUDP-GBN] Recebido em ordem DATA seq=2331. ACK=2331
[RUDP-GBN] Recebido em ordem DATA seq=2332. ACK=2332
[RUDP-GBN] Recebido em ordem DATA seq=2333. ACK=2333
[RUDP-GBN] Recebido em ordem DATA seq=2334. ACK=2334
[RUDP-GBN] Recebido em ordem DATA seq=2335. ACK=2335
[RUDP-GBN] Recebido em ordem DATA seq=2336. ACK=2336
[RUDP-GBN] Recebido em ordem DATA seq=2337. ACK=2337
[RUDP-GBN] Recebido em ordem DATA seq=2338. ACK=2338
[RUDP-GBN] Recebido em ordem DATA seq=2339. ACK=2339
[RUDP-GBN] Recebido em ordem DATA seq=2340. ACK=2340
[RUDP-GBN] Recebido em ordem DATA seq=2341. ACK=2341
[RUDP-GBN] Recebido em ordem DATA seq=2342. ACK=2342
[RUDP-GBN] Recebido em ordem DATA seq=2343. ACK=2343
[RUDP-GBN] Recebido em ordem DATA seq=2344. ACK=2344
[RUDP-GBN] Recebido em ordem DATA seq=2345. ACK=2345
[RUDP-GBN] Recebido em ordem DATA seq=2346. ACK=2346
[RUDP-GBN] Recebido em ordem DATA seq=2347. ACK=2347
[RUDP-GBN] Recebido em ordem DATA seq=2348. ACK=2348
[RUDP-GBN] Recebido em ordem DATA seq=2349. ACK=2349
[RUDP-GBN] Recebido em ordem DATA seq=2350. ACK=2350
[RUDP-GBN] Recebido em ordem DATA seq=2351. ACK=2351
[RUDP-GBN] Recebido em ordem DATA seq=2352. ACK=2352
[RUDP-GBN] Recebido em ordem DATA seq=2353. ACK=2353
[RUDP-GBN] Recebido em ordem DATA seq=2354. ACK=2354
[RUDP-GBN] Recebido em ordem DATA seq=2355. ACK=2355
[RUDP-GBN] Recebido em ordem DATA seq=2356. ACK=2356
[RUDP-GBN] Recebido em ordem DATA seq=2357. ACK=2357
[RUDP-GBN] Recebido em ordem DATA seq=2358. ACK=2358
[RUDP-GBN] Recebido em ordem DATA seq=2359. ACK=2359
[RUDP-GBN] Recebido em ordem DATA seq=2360. ACK=2360
[RUDP-GBN] Recebido em ordem DATA seq=2361. ACK=2361
[RUDP-GBN] Recebido em ordem DATA seq=2362. ACK=2362
[RUDP-GBN] Recebido em ordem DATA seq=2363. ACK=2363
[RUDP-GBN] Recebido em ordem DATA seq=2364. ACK=2364
[RUDP-GBN] Recebido em ordem DATA seq=2365. ACK=2365
[RUDP-GBN] Recebido em ordem DATA seq=2366. ACK=2366
[RUDP-GBN] Recebido em ordem DATA seq=2367. ACK=2367
[RUDP-GBN] Recebido em ordem DATA seq=2368. ACK=2368
[RUDP-GBN] Recebido em ordem DATA seq=2369. ACK=2369
[RUDP-GBN] Recebido em ordem DATA seq=2370. ACK=2370
[RUDP-GBN] Recebido em ordem DATA seq=2371. ACK=2371
[RUDP-GBN] Recebido em ordem DATA seq=2372. ACK=2372
[RUDP-GBN] Recebido em ordem DATA seq=2373. ACK=2373
[RUDP-GBN] Recebido em ordem DATA seq=2374. ACK=2374
[RUDP-GBN] Recebido em ordem DATA seq=2375. ACK=2375
[RUDP-GBN] Recebido em ordem DATA seq=2376. ACK=2376
[RUDP-GBN] Recebido em ordem DATA seq=2377. ACK=2377
[RUDP-GBN] Recebido em ordem DATA seq=2378. ACK=2378
[RUDP-GBN] Recebido em ordem DATA seq=2379. ACK=2379
[RUDP-GBN] Recebido em ordem DATA seq=2380. ACK=2380
[RUDP-GBN] Recebido em ordem DATA seq=2381. ACK=2381
[RUDP-GBN] Recebido em ordem DATA seq=2382. ACK=2382
[RUDP-GBN] Recebido em ordem DATA seq=2383. ACK=2383
[RUDP-GBN] Recebido em ordem DATA seq=2384. ACK=2384
[RUDP-GBN] Recebido em ordem DATA seq=2385. ACK=2385
[RUDP-GBN] Recebido em ordem DATA seq=2386. ACK=2386
[RUDP-GBN] Recebido em ordem DATA seq=2387. ACK=2387
[RUDP-GBN] Recebido em ordem DATA seq=2388. ACK=2388
[RUDP-GBN] Recebido em ordem DATA seq=2389. ACK=2389
[RUDP-GBN] Recebido em ordem DATA seq=2390. ACK=2390
[RUDP-GBN] Recebido em ordem DATA seq=2391. ACK=2391
[RUDP-GBN] Recebido em ordem DATA seq=2392. ACK=2392
[RUDP-GBN] Recebido em ordem DATA seq=2393. ACK=2393
[RUDP-GBN] Recebido em ordem DATA seq=2394. ACK=2394
[RUDP-GBN] Recebido em ordem DATA seq=2395. ACK=2395
[RUDP-GBN] Recebido em ordem DATA seq=2396. ACK=2396
[RUDP-GBN] Recebido em ordem DATA seq=2397. ACK=2397
[RUDP-GBN] Recebido em ordem DATA seq=2398. ACK=2398
[RUDP-GBN] Recebido em ordem DATA seq=2399. ACK=2399
[RUDP-GBN] Recebido em ordem DATA seq=2400. ACK=2400
[RUDP-GBN] Recebido em ordem DATA seq=2401. ACK=2401
[RUDP-GBN] Recebido em ordem DATA seq=2402. ACK=2402
[RUDP-GBN] Recebido em ordem DATA seq=2403. ACK=2403
[RUDP-GBN] Recebido em ordem DATA seq=2404. ACK=2404
[RUDP-GBN] Recebido em ordem DATA seq=2405. ACK=2405
[RUDP-GBN] Recebido em ordem DATA seq=2406. ACK=2406
[RUDP-GBN] Recebido em ordem DATA seq=2407. ACK=2407
[RUDP-GBN] Recebido em ordem DATA seq=2408. ACK=2408
[RUDP-GBN] Recebido em ordem DATA seq=2409. ACK=2409
[RUDP-GBN] Recebido em ordem DATA seq=2410. ACK=2410
[RUDP-GBN] Recebido em ordem DATA seq=2411. ACK=2411
[RUDP-GBN] Recebido em ordem DATA seq=2412. ACK=2412
[RUDP-GBN] Recebido em ordem DATA seq=2413. ACK=2413
[RUDP-GBN] Recebido em ordem DATA seq=2414. ACK=2414
[RUDP-GBN] Recebido em ordem DATA seq=2415. ACK=2415
[RUDP-GBN] Recebido em ordem DATA seq=2416. ACK=2416
[RUDP-GBN] Recebido em ordem DATA seq=2417. ACK=2417
[RUDP-GBN] Recebido em ordem DATA seq=2418. ACK=2418
[RUDP-GBN] Recebido em ordem DATA seq=2419. ACK=2419
[RUDP-GBN] Recebido em ordem DATA seq=2420. ACK=2420
[RUDP-GBN] Recebido em ordem DATA seq=2421. ACK=2421
[RUDP-GBN] Recebido em ordem DATA seq=2422. ACK=2422
[RUDP-GBN] Recebido em ordem DATA seq=2423. ACK=2423
[RUDP-GBN] Recebido em ordem DATA seq=2424. ACK=2424
[RUDP-GBN] Recebido em ordem DATA seq=2425. ACK=2425
[RUDP-GBN] Recebido em ordem DATA seq=2426. ACK=2426
[RUDP-GBN] Recebido em ordem DATA seq=2427. ACK=2427
[RUDP-GBN] Recebido em ordem DATA seq=2428. ACK=2428
[RUDP-GBN] Recebido em ordem DATA seq=2429. ACK=2429
[RUDP-GBN] Recebido em ordem DATA seq=2430. ACK=2430
[RUDP-GBN] Recebido em ordem DATA seq=2431. ACK=2431
[RUDP-GBN] Recebido em ordem DATA seq=2432. ACK=2432
[RUDP-GBN] Recebido em ordem DATA seq=2433. ACK=2433
[RUDP-GBN] Recebido em ordem DATA seq=2434. ACK=2434
[RUDP-GBN] Recebido em ordem DATA seq=2435. ACK=2435
[RUDP-GBN] Recebido em ordem DATA seq=2436. ACK=2436
[RUDP-GBN] Recebido em ordem DATA seq=2437. ACK=2437
[RUDP-GBN] Recebido em ordem DATA seq=2438. ACK=2438
[RUDP-GBN] Recebido em ordem DATA seq=2439. ACK=2439
[RUDP-GBN] Recebido em ordem DATA seq=2440. ACK=2440
[RUDP-GBN] Recebido em ordem DATA seq=2441. ACK=2441
[RUDP-GBN] Recebido em ordem DATA seq=2442. ACK=2442
[RUDP-GBN] Recebido em ordem DATA seq=2443. ACK=2443
[RUDP-GBN] Recebido em ordem DATA seq=2444. ACK=2444
[RUDP-GBN] Recebido em ordem DATA seq=2445. ACK=2445
[RUDP-GBN] Recebido em ordem DATA seq=2446. ACK=2446
[RUDP-GBN] Recebido em ordem DATA seq=2447. ACK=2447
[RUDP-GBN] Recebido em ordem DATA seq=2448. ACK=2448
[RUDP-GBN] Recebido em ordem DATA seq=2449. ACK=2449
[RUDP-GBN] Recebido em ordem DATA seq=2450. ACK=2450
[RUDP-GBN] Recebido em ordem DATA seq=2451. ACK=2451
[RUDP-GBN] Recebido em ordem DATA seq=2452. ACK=2452
[RUDP-GBN] Recebido em ordem DATA seq=2453. ACK=2453
[RUDP-GBN] Recebido em ordem DATA seq=2454. ACK=2454
[RUDP-GBN] Recebido em ordem DATA seq=2455. ACK=2455
[RUDP-GBN] Recebido em ordem DATA seq=2456. ACK=2456
[RUDP-GBN] Recebido em ordem DATA seq=2457. ACK=2457
[RUDP-GBN] Recebido em ordem DATA seq=2458. ACK=2458
[RUDP-GBN] Recebido em ordem DATA seq=2459. ACK=2459
[RUDP-GBN] Recebido em ordem DATA seq=2460. ACK=2460
[RUDP-GBN] Recebido em ordem DATA seq=2461. ACK=2461
[RUDP-GBN] Recebido em ordem DATA seq=2462. ACK=2462
[RUDP-GBN] Recebido em ordem DATA seq=2463. ACK=2463
[RUDP-GBN] Recebido em ordem DATA seq=2464. ACK=2464
[RUDP-GBN] Recebido em ordem DATA seq=2465. ACK=2465
[RUDP-GBN] Recebido em ordem DATA seq=2466. ACK=2466
[RUDP-GBN] Recebido em ordem DATA seq=2467. ACK=2467
[RUDP-GBN] Recebido em ordem DATA seq=2468. ACK=2468
[RUDP-GBN] Recebido em ordem DATA seq=2469. ACK=2469
[RUDP-GBN] Recebido em ordem DATA seq=2470. ACK=2470
[RUDP-GBN] Recebido em ordem DATA seq=2471. ACK=2471
[RUDP-GBN] Recebido em ordem DATA seq=2472. ACK=2472
[RUDP-GBN] Recebido em ordem DATA seq=2473. ACK=2473
[RUDP-GBN] Recebido em ordem DATA seq=2474. ACK=2474
[RUDP-GBN] Recebido em ordem DATA seq=2475. ACK=2475
[RUDP-GBN] Recebido em ordem DATA seq=2476. ACK=2476
[RUDP-GBN] Recebido em ordem DATA seq=2477. ACK=2477
[RUDP-GBN] Recebido em ordem DATA seq=2478. ACK=2478
[RUDP-GBN] Recebido em ordem DATA seq=2479. ACK=2479
[RUDP-GBN] Recebido em ordem DATA seq=2480. ACK=2480
[RUDP-GBN] Recebido em ordem DATA seq=2481. ACK=2481
[RUDP-GBN] Recebido em ordem DATA seq=2482. ACK=2482
[RUDP-GBN] Recebido em ordem DATA seq=2483. ACK=2483
[RUDP-GBN] Recebido em ordem DATA seq=2484. ACK=2484
[RUDP-GBN] Recebido em ordem DATA seq=2485. ACK=2485
[RUDP-GBN] Recebido em ordem DATA seq=2486. ACK=2486
[RUDP-GBN] Recebido em ordem DATA seq=2487. ACK=2487
[RUDP-GBN] Recebido em ordem DATA seq=2488. ACK=2488
[RUDP-GBN] Recebido em ordem DATA seq=2489. ACK=2489
[RUDP-GBN] Recebido em ordem DATA seq=2490. ACK=2490
[RUDP-GBN] Recebido em ordem DATA seq=2491. ACK=2491
[RUDP-GBN] Recebido em ordem DATA seq=2492. ACK=2492
[RUDP-GBN] Recebido em ordem DATA seq=2493. ACK=2493
[RUDP-GBN] Recebido em ordem DATA seq=2494. ACK=2494
[RUDP-GBN] Recebido em ordem DATA seq=2495. ACK=2495
[RUDP-GBN] Recebido em ordem DATA seq=2496. ACK=2496
[RUDP-GBN] Recebido em ordem DATA seq=2497. ACK=2497
[RUDP-GBN] Recebido em ordem DATA seq=2498. ACK=2498
[RUDP-GBN] Recebido em ordem DATA seq=2499. ACK=2499
[RUDP-GBN] Recebido em ordem DATA seq=2500. ACK=2500
[RUDP-GBN] Recebido em ordem DATA seq=2501. ACK=2501
[RUDP-GBN] Recebido em ordem DATA seq=2502. ACK=2502
[RUDP-GBN] Recebido em ordem DATA seq=2503. ACK=2503
[RUDP-GBN] Recebido em ordem DATA seq=2504. ACK=2504
[RUDP-GBN] Recebido em ordem DATA seq=2505. ACK=2505
[RUDP-GBN] Recebido em ordem DATA seq=2506. ACK=2506
[RUDP-GBN] Recebido em ordem DATA seq=2507. ACK=2507
[RUDP-GBN] Recebido em ordem DATA seq=2508. ACK=2508
[RUDP-GBN] Recebido em ordem DATA seq=2509. ACK=2509
[RUDP-GBN] Recebido em ordem DATA seq=2510. ACK=2510
[RUDP-GBN] Recebido em ordem DATA seq=2511. ACK=2511
[RUDP-GBN] Recebido em ordem DATA seq=2512. ACK=2512
[RUDP-GBN] Recebido em ordem DATA seq=2513. ACK=2513
[RUDP-GBN] Recebido em ordem DATA seq=2514. ACK=2514
[RUDP-GBN] Recebido em ordem DATA seq=2515. ACK=2515
[RUDP-GBN] Recebido em ordem DATA seq=2516. ACK=2516
[RUDP-GBN] Recebido em ordem DATA seq=2517. ACK=2517
[RUDP-GBN] Recebido em ordem DATA seq=2518. ACK=2518
[RUDP-GBN] Recebido em ordem DATA seq=2519. ACK=2519
[RUDP-GBN] Recebido em ordem DATA seq=2520. ACK=2520
[RUDP-GBN] Recebido em ordem DATA seq=2521. ACK=2521
[RUDP-GBN] Recebido em ordem DATA seq=2522. ACK=2522
[RUDP-GBN] Recebido em ordem DATA seq=2523. ACK=2523
[RUDP-GBN] Recebido em ordem DATA seq=2524. ACK=2524
[RUDP-GBN] Recebido em ordem DATA seq=2525. ACK=2525
[RUDP-GBN] Recebido em ordem DATA seq=2526. ACK=2526
[RUDP-GBN] Recebido em ordem DATA seq=2527. ACK=2527
[RUDP-GBN] Recebido em ordem DATA seq=2528. ACK=2528
[RUDP-GBN] Recebido em ordem DATA seq=2529. ACK=2529
[RUDP-GBN] Recebido em ordem DATA seq=2530. ACK=2530
[RUDP-GBN] Recebido em ordem DATA seq=2531. ACK=2531
[RUDP-GBN] Recebido em ordem DATA seq=2532. ACK=2532
[RUDP-GBN] Recebido em ordem DATA seq=2533. ACK=2533
[RUDP-GBN] Recebido em ordem DATA seq=2534. ACK=2534
[RUDP-GBN] Recebido em ordem DATA seq=2535. ACK=2535
[RUDP-GBN] Recebido em ordem DATA seq=2536. ACK=2536
[RUDP-GBN] Recebido em ordem DATA seq=2537. ACK=2537
[RUDP-GBN] Recebido em ordem DATA seq=2538. ACK=2538
[RUDP-GBN] Recebido em ordem DATA seq=2539. ACK=2539
[RUDP-GBN] Recebido em ordem DATA seq=2540. ACK=2540
[RUDP-GBN] Recebido em ordem DATA seq=2541. ACK=2541
[RUDP-GBN] Recebido em ordem DATA seq=2542. ACK=2542
[RUDP-GBN] Recebido em ordem DATA seq=2543. ACK=2543
[RUDP-GBN] Recebido em ordem DATA seq=2544. ACK=2544
[RUDP-GBN] Recebido em ordem DATA seq=2545. ACK=2545
[RUDP-GBN] Recebido em ordem DATA seq=2546. ACK=2546
[RUDP-GBN] Recebido em ordem DATA seq=2547. ACK=2547
[RUDP-GBN] Recebido em ordem DATA seq=2548. ACK=2548
[RUDP-GBN] Recebido em ordem DATA seq=2549. ACK=2549
[RUDP-GBN] Recebido em ordem DATA seq=2550. ACK=2550
[RUDP-GBN] Recebido em ordem DATA seq=2551. ACK=2551
[RUDP-GBN] Recebido em ordem DATA seq=2552. ACK=2552
[RUDP-GBN] Recebido em ordem DATA seq=2553. ACK=2553
[RUDP-GBN] Recebido em ordem DATA seq=2554. ACK=2554
[RUDP-GBN] Recebido em ordem DATA seq=2555. ACK=2555
[RUDP-GBN] Recebido em ordem DATA seq=2556. ACK=2556
[RUDP-GBN] Recebido em ordem DATA seq=2557. ACK=2557
[RUDP-GBN] Recebido em ordem DATA seq=2558. ACK=2558
[RUDP-GBN] Recebido em ordem DATA seq=2559. ACK=2559
[RUDP-GBN] Recebido em ordem DATA seq=2560. ACK=2560
[RUDP-GBN] Recebido em ordem DATA seq=2561. ACK=2561
[RUDP-GBN] Recebido em ordem DATA seq=2562. ACK=2562
[RUDP-GBN] Recebido em ordem DATA seq=2563. ACK=2563
[RUDP-GBN] Recebido em ordem DATA seq=2564. ACK=2564
[RUDP-GBN] Recebido em ordem DATA seq=2565. ACK=2565
[RUDP-GBN] Recebido em ordem DATA seq=2566. ACK=2566
[RUDP-GBN] Recebido em ordem DATA seq=2567. ACK=2567
[RUDP-GBN] Recebido em ordem DATA seq=2568. ACK=2568
[RUDP-GBN] Recebido em ordem DATA seq=2569. ACK=2569
[RUDP-GBN] Recebido em ordem DATA seq=2570. ACK=2570
[RUDP-GBN] Recebido em ordem DATA seq=2571. ACK=2571
[RUDP-GBN] Recebido em ordem DATA seq=2572. ACK=2572
[RUDP-GBN] Recebido em ordem DATA seq=2573. ACK=2573
[RUDP-GBN] Recebido em ordem DATA seq=2574. ACK=2574
[RUDP-GBN] Recebido em ordem DATA seq=2575. ACK=2575
[RUDP-GBN] Recebido em ordem DATA seq=2576. ACK=2576
[RUDP-GBN] Recebido em ordem DATA seq=2577. ACK=2577
[RUDP-GBN] Recebido em ordem DATA seq=2578. ACK=2578
[RUDP-GBN] Recebido em ordem DATA seq=2579. ACK=2579
[RUDP-GBN] Recebido em ordem DATA seq=2580. ACK=2580
[RUDP-GBN] Recebido em ordem DATA seq=2581. ACK=2581
[RUDP-GBN] Recebido em ordem DATA seq=2582. ACK=2582
[RUDP-GBN] Recebido em ordem DATA seq=2583. ACK=2583
[RUDP-GBN] Recebido em ordem DATA seq=2584. ACK=2584
[RUDP-GBN] Recebido em ordem DATA seq=2585. ACK=2585
[RUDP-GBN] Recebido em ordem DATA seq=2586. ACK=2586
[RUDP-GBN] Recebido em ordem DATA seq=2587. ACK=2587
[RUDP-GBN] Recebido em ordem DATA seq=2588. ACK=2588
[RUDP-GBN] Recebido em ordem DATA seq=2589. ACK=2589
[RUDP-GBN] Recebido em ordem DATA seq=2590. ACK=2590
[RUDP-GBN] Recebido em ordem DATA seq=2591. ACK=2591
[RUDP-GBN] Recebido em ordem DATA seq=2592. ACK=2592
[RUDP-GBN] Recebido em ordem DATA seq=2593. ACK=2593
[RUDP-GBN] Recebido em ordem DATA seq=2594. ACK=2594
[RUDP-GBN] Recebido em ordem DATA seq=2595. ACK=2595
[RUDP-GBN] Recebido em ordem DATA seq=2596. ACK=2596
[RUDP-GBN] Recebido em ordem DATA seq=2597. ACK=2597
[RUDP-GBN] Recebido em ordem DATA seq=2598. ACK=2598
[RUDP-GBN] Recebido em ordem DATA seq=2599. ACK=2599
[RUDP-GBN] Recebido em ordem DATA seq=2600. ACK=2600
[RUDP-GBN] Recebido em ordem DATA seq=2601. ACK=2601
[RUDP-GBN] Recebido em ordem DATA seq=2602. ACK=2602
[RUDP-GBN] Recebido em ordem DATA seq=2603. ACK=2603
[RUDP-GBN] Recebido em ordem DATA seq=2604. ACK=2604
[RUDP-GBN] Recebido em ordem DATA seq=2605. ACK=2605
[RUDP-GBN] Recebido em ordem DATA seq=2606. ACK=2606
[RUDP-GBN] Recebido em ordem DATA seq=2607. ACK=2607
[RUDP-GBN] Recebido em ordem DATA seq=2608. ACK=2608
[RUDP-GBN] Recebido em ordem DATA seq=2609. ACK=2609
[RUDP-GBN] Recebido em ordem DATA seq=2610. ACK=2610
[RUDP-GBN] Recebido em ordem DATA seq=2611. ACK=2611
[RUDP-GBN] Recebido em ordem DATA seq=2612. ACK=2612
[RUDP-GBN] Recebido em ordem DATA seq=2613. ACK=2613
[RUDP-GBN] Recebido em ordem DATA seq=2614. ACK=2614
[RUDP-GBN] Recebido em ordem DATA seq=2615. ACK=2615
[RUDP-GBN] Recebido em ordem DATA seq=2616. ACK=2616
[RUDP-GBN] Recebido em ordem DATA seq=2617. ACK=2617
[RUDP-GBN] Recebido em ordem DATA seq=2618. ACK=2618
[RUDP-GBN] Recebido em ordem DATA seq=2619. ACK=2619
[RUDP-GBN] Recebido em ordem DATA seq=2620. ACK=2620
[RUDP-GBN] Recebido em ordem DATA seq=2621. ACK=2621
[RUDP-GBN] Recebido em ordem DATA seq=2622. ACK=2622
[RUDP-GBN] Recebido em ordem DATA seq=2623. ACK=2623
[RUDP-GBN] Recebido em ordem DATA seq=2624. ACK=2624
[RUDP-GBN] Recebido em ordem DATA seq=2625. ACK=2625
[RUDP-GBN] Recebido em ordem DATA seq=2626. ACK=2626
[RUDP-GBN] Recebido em ordem DATA seq=2627. ACK=2627
[RUDP-GBN] Recebido em ordem DATA seq=2628. ACK=2628
[RUDP-GBN] Recebido em ordem DATA seq=2629. ACK=2629
[RUDP-GBN] Recebido em ordem DATA seq=2630. ACK=2630
[RUDP-GBN] Recebido em ordem DATA seq=2631. ACK=2631
[RUDP-GBN] Recebido em ordem DATA seq=2632. ACK=2632
[RUDP-GBN] Recebido em ordem DATA seq=2633. ACK=2633
[RUDP-GBN] Recebido em ordem DATA seq=2634. ACK=2634
[RUDP-GBN] Recebido em ordem DATA seq=2635. ACK=2635
[RUDP-GBN] Recebido em ordem DATA seq=2636. ACK=2636
[RUDP-GBN] Recebido em ordem DATA seq=2637. ACK=2637
[RUDP-GBN] Recebido em ordem DATA seq=2638. ACK=2638
[RUDP-GBN] Recebido em ordem DATA seq=2639. ACK=2639
[RUDP-GBN] Recebido em ordem DATA seq=2640. ACK=2640
[RUDP-GBN] Recebido em ordem DATA seq=2641. ACK=2641
[RUDP-GBN] Recebido em ordem DATA seq=2642. ACK=2642
[RUDP-GBN] Recebido em ordem DATA seq=2643. ACK=2643
[RUDP-GBN] Recebido em ordem DATA seq=2644. ACK=2644
[RUDP-GBN] Recebido em ordem DATA seq=2645. ACK=2645
[RUDP-GBN] Recebido em ordem DATA seq=2646. ACK=2646
[RUDP-GBN] Recebido em ordem DATA seq=2647. ACK=2647
[RUDP-GBN] Recebido em ordem DATA seq=2648. ACK=2648
[RUDP-GBN] Recebido em ordem DATA seq=2649. ACK=2649
[RUDP-GBN] Recebido em ordem DATA seq=2650. ACK=2650
[RUDP-GBN] Recebido em ordem DATA seq=2651. ACK=2651
[RUDP-GBN] Recebido em ordem DATA seq=2652. ACK=2652
[RUDP-GBN] Recebido em ordem DATA seq=2653. ACK=2653
[RUDP-GBN] Recebido em ordem DATA seq=2654. ACK=2654
[RUDP-GBN] Recebido em ordem DATA seq=2655. ACK=2655
[RUDP-GBN] Recebido em ordem DATA seq=2656. ACK=2656
[RUDP-GBN] Recebido em ordem DATA seq=2657. ACK=2657
[RUDP-GBN] Recebido em ordem DATA seq=2658. ACK=2658
[RUDP-GBN] Recebido em ordem DATA seq=2659. ACK=2659
[RUDP-GBN] Recebido em ordem DATA seq=2660. ACK=2660
[RUDP-GBN] Recebido em ordem DATA seq=2661. ACK=2661
[RUDP-GBN] Recebido em ordem DATA seq=2662. ACK=2662
[RUDP-GBN] Recebido em ordem DATA seq=2663. ACK=2663
[RUDP-GBN] Recebido em ordem DATA seq=2664. ACK=2664
[RUDP-GBN] Recebido em ordem DATA seq=2665. ACK=2665
[RUDP-GBN] Recebido em ordem DATA seq=2666. ACK=2666
[RUDP-GBN] Recebido em ordem DATA seq=2667. ACK=2667
[RUDP-GBN] Recebido em ordem DATA seq=2668. ACK=2668
[RUDP-GBN] Recebido em ordem DATA seq=2669. ACK=2669
[RUDP-GBN] Recebido em ordem DATA seq=2670. ACK=2670
[RUDP-GBN] Recebido em ordem DATA seq=2671. ACK=2671
[RUDP-GBN] Recebido em ordem DATA seq=2672. ACK=2672
[RUDP-GBN] Recebido em ordem DATA seq=2673. ACK=2673
[RUDP-GBN] Recebido em ordem DATA seq=2674. ACK=2674
[RUDP-GBN] Recebido em ordem DATA seq=2675. ACK=2675
[RUDP-GBN] Recebido em ordem DATA seq=2676. ACK=2676
[RUDP-GBN] Recebido em ordem DATA seq=2677. ACK=2677
[RUDP-GBN] Recebido em ordem DATA seq=2678. ACK=2678
[RUDP-GBN] Recebido em ordem DATA seq=2679. ACK=2679
[RUDP-GBN] Recebido em ordem DATA seq=2680. ACK=2680
[RUDP-GBN] Recebido em ordem DATA seq=2681. ACK=2681
[RUDP-GBN] Recebido em ordem DATA seq=2682. ACK=2682
[RUDP-GBN] Recebido em ordem DATA seq=2683. ACK=2683
[RUDP-GBN] Recebido em ordem DATA seq=2684. ACK=2684
[RUDP-GBN] Recebido em ordem DATA seq=2685. ACK=2685
[RUDP-GBN] Recebido em ordem DATA seq=2686. ACK=2686
[RUDP-GBN] Recebido em ordem DATA seq=2687. ACK=2687
[RUDP-GBN] Recebido em ordem DATA seq=2688. ACK=2688
[RUDP-GBN] Recebido em ordem DATA seq=2689. ACK=2689
[RUDP-GBN] Recebido em ordem DATA seq=2690. ACK=2690
[RUDP-GBN] Recebido em ordem DATA seq=2691. ACK=2691
[RUDP-GBN] Recebido em ordem DATA seq=2692. ACK=2692
[RUDP-GBN] Recebido em ordem DATA seq=2693. ACK=2693
[RUDP-GBN] Recebido em ordem DATA seq=2694. ACK=2694
[RUDP-GBN] Recebido em ordem DATA seq=2695. ACK=2695
[RUDP-GBN] Recebido em ordem DATA seq=2696. ACK=2696
[RUDP-GBN] Recebido em ordem DATA seq=2697. ACK=2697
[RUDP-GBN] Recebido em ordem DATA seq=2698. ACK=2698
[RUDP-GBN] Recebido em ordem DATA seq=2699. ACK=2699
[RUDP-GBN] Recebido em ordem DATA seq=2700. ACK=2700
[RUDP-GBN] Recebido em ordem DATA seq=2701. ACK=2701
[RUDP-GBN] Recebido em ordem DATA seq=2702. ACK=2702
[RUDP-GBN] Recebido em ordem DATA seq=2703. ACK=2703
[RUDP-GBN] Recebido em ordem DATA seq=2704. ACK=2704
[RUDP-GBN] Recebido em ordem DATA seq=2705. ACK=2705
[RUDP-GBN] Recebido em ordem DATA seq=2706. ACK=2706
[RUDP-GBN] Recebido em ordem DATA seq=2707. ACK=2707
[RUDP-GBN] Recebido em ordem DATA seq=2708. ACK=2708
[RUDP-GBN] Recebido em ordem DATA seq=2709. ACK=2709
[RUDP-GBN] Recebido em ordem DATA seq=2710. ACK=2710
[RUDP-GBN] Recebido em ordem DATA seq=2711. ACK=2711
[RUDP-GBN] Recebido em ordem DATA seq=2712. ACK=2712
[RUDP-GBN] Recebido em ordem DATA seq=2713. ACK=2713
[RUDP-GBN] Recebido em ordem DATA seq=2714. ACK=2714
[RUDP-GBN] Recebido em ordem DATA seq=2715. ACK=2715
[RUDP-GBN] Recebido em ordem DATA seq=2716. ACK=2716
[RUDP-GBN] Recebido em ordem DATA seq=2717. ACK=2717
[RUDP-GBN] Recebido em ordem DATA seq=2718. ACK=2718
[RUDP-GBN] Recebido em ordem DATA seq=2719. ACK=2719
[RUDP-GBN] Recebido em ordem DATA seq=2720. ACK=2720
[RUDP-GBN] Recebido em ordem DATA seq=2721. ACK=2721
[RUDP-GBN] Recebido em ordem DATA seq=2722. ACK=2722
[RUDP-GBN] Recebido em ordem DATA seq=2723. ACK=2723
[RUDP-GBN] Recebido em ordem DATA seq=2724. ACK=2724
[RUDP-GBN] Recebido em ordem DATA seq=2725. ACK=2725
[RUDP-GBN] Recebido em ordem DATA seq=2726. ACK=2726
[RUDP-GBN] Recebido em ordem DATA seq=2727. ACK=2727
[RUDP-GBN] Recebido em ordem DATA seq=2728. ACK=2728
[RUDP-GBN] Recebido em ordem DATA seq=2729. ACK=2729
[RUDP-GBN] Recebido em ordem DATA seq=2730. ACK=2730
[RUDP-GBN] Recebido em ordem DATA seq=2731. ACK=2731
[RUDP-GBN] Recebido em ordem DATA seq=2732. ACK=2732
[RUDP-GBN] Recebido em ordem DATA seq=2733. ACK=2733
[RUDP-GBN] Recebido em ordem DATA seq=2734. ACK=2734
[RUDP-GBN] Recebido em ordem DATA seq=2735. ACK=2735
[RUDP-GBN] Recebido em ordem DATA seq=2736. ACK=2736
[RUDP-GBN] Recebido em ordem DATA seq=2737. ACK=2737
[RUDP-GBN] Recebido em ordem DATA seq=2738. ACK=2738
[RUDP-GBN] Recebido em ordem DATA seq=2739. ACK=2739
[RUDP-GBN] Recebido em ordem DATA seq=2740. ACK=2740
[RUDP-GBN] Recebido em ordem DATA seq=2741. ACK=2741
[RUDP-GBN] Recebido em ordem DATA seq=2742. ACK=2742
[RUDP-GBN] Recebido em ordem DATA seq=2743. ACK=2743
[RUDP-GBN] Recebido em ordem DATA seq=2744. ACK=2744
[RUDP-GBN] Recebido em ordem DATA seq=2745. ACK=2745
[RUDP-GBN] Recebido em ordem DATA seq=2746. ACK=2746
[RUDP-GBN] Recebido em ordem DATA seq=2747. ACK=2747
[RUDP-GBN] Recebido em ordem DATA seq=2748. ACK=2748
[RUDP-GBN] Recebido em ordem DATA seq=2749. ACK=2749
[RUDP-GBN] Recebido em ordem DATA seq=2750. ACK=2750
[RUDP-GBN] Recebido em ordem DATA seq=2751. ACK=2751
[RUDP-GBN] Recebido em ordem DATA seq=2752. ACK=2752
[RUDP-GBN] Recebido em ordem DATA seq=2753. ACK=2753
[RUDP-GBN] Recebido em ordem DATA seq=2754. ACK=2754
[RUDP-GBN] Recebido em ordem DATA seq=2755. ACK=2755
[RUDP-GBN] Recebido em ordem DATA seq=2756. ACK=2756
[RUDP-GBN] Recebido em ordem DATA seq=2757. ACK=2757
[RUDP-GBN] Recebido em ordem DATA seq=2758. ACK=2758
[RUDP-GBN] Recebido em ordem DATA seq=2759. ACK=2759
[RUDP-GBN] Recebido em ordem DATA seq=2760. ACK=2760
[RUDP-GBN] Recebido em ordem DATA seq=2761. ACK=2761
[RUDP-GBN] Recebido em ordem DATA seq=2762. ACK=2762
[RUDP-GBN] Recebido em ordem DATA seq=2763. ACK=2763
[RUDP-GBN] Recebido em ordem DATA seq=2764. ACK=2764
[RUDP-GBN] Recebido em ordem DATA seq=2765. ACK=2765
[RUDP-GBN] Recebido em ordem DATA seq=2766. ACK=2766
[RUDP-GBN] Recebido em ordem DATA seq=2767. ACK=2767
[RUDP-GBN] Recebido em ordem DATA seq=2768. ACK=2768
[RUDP-GBN] Recebido em ordem DATA seq=2769. ACK=2769
[RUDP-GBN] Recebido em ordem DATA seq=2770. ACK=2770
[RUDP-GBN] Recebido em ordem DATA seq=2771. ACK=2771
[RUDP-GBN] Recebido em ordem DATA seq=2772. ACK=2772
[RUDP-GBN] Recebido em ordem DATA seq=2773. ACK=2773
[RUDP-GBN] Recebido em ordem DATA seq=2774. ACK=2774
[RUDP-GBN] Recebido em ordem DATA seq=2775. ACK=2775
[RUDP-GBN] Recebido em ordem DATA seq=2776. ACK=2776
[RUDP-GBN] Recebido em ordem DATA seq=2777. ACK=2777
[RUDP-GBN] Recebido em ordem DATA seq=2778. ACK=2778
[RUDP-GBN] Recebido em ordem DATA seq=2779. ACK=2779
[RUDP-GBN] Recebido em ordem DATA seq=2780. ACK=2780
[RUDP-GBN] Recebido em ordem DATA seq=2781. ACK=2781
[RUDP-GBN] Recebido em ordem DATA seq=2782. ACK=2782
[RUDP-GBN] Recebido em ordem DATA seq=2783. ACK=2783
[RUDP-GBN] Recebido em ordem DATA seq=2784. ACK=2784
[RUDP-GBN] Recebido em ordem DATA seq=2785. ACK=2785
[RUDP-GBN] Recebido em ordem DATA seq=2786. ACK=2786
[RUDP-GBN] Recebido em ordem DATA seq=2787. ACK=2787
[RUDP-GBN] Recebido em ordem DATA seq=2788. ACK=2788
[RUDP-GBN] Recebido em ordem DATA seq=2789. ACK=2789
[RUDP-GBN] Recebido em ordem DATA seq=2790. ACK=2790
[RUDP-GBN] Recebido em ordem DATA seq=2791. ACK=2791
[RUDP-GBN] Recebido em ordem DATA seq=2792. ACK=2792
[RUDP-GBN] Recebido em ordem DATA seq=2793. ACK=2793
[RUDP-GBN] Recebido em ordem DATA seq=2794. ACK=2794
[RUDP-GBN] Recebido em ordem DATA seq=2795. ACK=2795
[RUDP-GBN] Recebido em ordem DATA seq=2796. ACK=2796
[RUDP-GBN] Recebido em ordem DATA seq=2797. ACK=2797
[RUDP-GBN] Recebido em ordem DATA seq=2798. ACK=2798
[RUDP-GBN] Recebido em ordem DATA seq=2799. ACK=2799
[RUDP-GBN] Recebido em ordem DATA seq=2800. ACK=2800
[RUDP-GBN] Recebido em ordem DATA seq=2801. ACK=2801
[RUDP-GBN] Recebido em ordem DATA seq=2802. ACK=2802
[RUDP-GBN] Recebido em ordem DATA seq=2803. ACK=2803
[RUDP-GBN] Recebido em ordem DATA seq=2804. ACK=2804
[RUDP-GBN] Recebido em ordem DATA seq=2805. ACK=2805
[RUDP-GBN] Recebido em ordem DATA seq=2806. ACK=2806
[RUDP-GBN] Recebido em ordem DATA seq=2807. ACK=2807
[RUDP-GBN] Recebido em ordem DATA seq=2808. ACK=2808
[RUDP-GBN] Recebido em ordem DATA seq=2809. ACK=2809
[RUDP-GBN] Recebido em ordem DATA seq=2810. ACK=2810
[RUDP-GBN] Recebido em ordem DATA seq=2811. ACK=2811
[RUDP-GBN] Recebido em ordem DATA seq=2812. ACK=2812
[RUDP-GBN] Recebido em ordem DATA seq=2813. ACK=2813
[RUDP-GBN] Recebido em ordem DATA seq=2814. ACK=2814
[RUDP-GBN] Recebido em ordem DATA seq=2815. ACK=2815
[RUDP-GBN] Recebido em ordem DATA seq=2816. ACK=2816
[RUDP-GBN] Recebido em ordem DATA seq=2817. ACK=2817
[RUDP-GBN] Recebido em ordem DATA seq=2818. ACK=2818
[RUDP-GBN] Recebido em ordem DATA seq=2819. ACK=2819
[RUDP-GBN] Recebido em ordem DATA seq=2820. ACK=2820
[RUDP-GBN] Recebido em ordem DATA seq=2821. ACK=2821
[RUDP-GBN] Recebido em ordem DATA seq=2822. ACK=2822
[RUDP-GBN] Recebido em ordem DATA seq=2823. ACK=2823
[RUDP-GBN] Recebido em ordem DATA seq=2824. ACK=2824
[RUDP-GBN] Recebido em ordem DATA seq=2825. ACK=2825
[RUDP-GBN] Recebido em ordem DATA seq=2826. ACK=2826
[RUDP-GBN] Recebido em ordem DATA seq=2827. ACK=2827
[RUDP-GBN] Recebido em ordem DATA seq=2828. ACK=2828
[RUDP-GBN] Recebido em ordem DATA seq=2829. ACK=2829
[RUDP-GBN] Recebido em ordem DATA seq=2830. ACK=2830
[RUDP-GBN] Recebido em ordem DATA seq=2831. ACK=2831
[RUDP-GBN] Recebido em ordem DATA seq=2832. ACK=2832
[RUDP-GBN] Recebido em ordem DATA seq=2833. ACK=2833
[RUDP-GBN] Recebido em ordem DATA seq=2834. ACK=2834
[RUDP-GBN] Recebido em ordem DATA seq=2835. ACK=2835
[RUDP-GBN] Recebido em ordem DATA seq=2836. ACK=2836
[RUDP-GBN] Recebido em ordem DATA seq=2837. ACK=2837
[RUDP-GBN] Recebido em ordem DATA seq=2838. ACK=2838
[RUDP-GBN] Recebido em ordem DATA seq=2839. ACK=2839
[RUDP-GBN] Recebido em ordem DATA seq=2840. ACK=2840
[RUDP-GBN] Recebido em ordem DATA seq=2841. ACK=2841
[RUDP-GBN] Recebido em ordem DATA seq=2842. ACK=2842
[RUDP-GBN] Recebido em ordem DATA seq=2843. ACK=2843
[RUDP-GBN] Recebido em ordem DATA seq=2844. ACK=2844
[RUDP-GBN] Recebido em ordem DATA seq=2845. ACK=2845
[RUDP-GBN] Recebido em ordem DATA seq=2846. ACK=2846
[RUDP-GBN] Recebido em ordem DATA seq=2847. ACK=2847
[RUDP-GBN] Recebido em ordem DATA seq=2848. ACK=2848
[RUDP-GBN] Recebido em ordem DATA seq=2849. ACK=2849
[RUDP-GBN] Recebido em ordem DATA seq=2850. ACK=2850
[RUDP-GBN] Recebido em ordem DATA seq=2851. ACK=2851
[RUDP-GBN] Recebido em ordem DATA seq=2852. ACK=2852
[RUDP-GBN] Recebido em ordem DATA seq=2853. ACK=2853
[RUDP-GBN] Recebido em ordem DATA seq=2854. ACK=2854
[RUDP-GBN] Recebido em ordem DATA seq=2855. ACK=2855
[RUDP-GBN] Recebido em ordem DATA seq=2856. ACK=2856
[RUDP-GBN] Recebido em ordem DATA seq=2857. ACK=2857
[RUDP-GBN] Recebido em ordem DATA seq=2858. ACK=2858
[RUDP-GBN] Recebido em ordem DATA seq=2859. ACK=2859
[RUDP-GBN] Recebido em ordem DATA seq=2860. ACK=2860
[RUDP-GBN] Recebido em ordem DATA seq=2861. ACK=2861
[RUDP-GBN] Recebido em ordem DATA seq=2862. ACK=2862
[RUDP-GBN] Recebido em ordem DATA seq=2863. ACK=2863
[RUDP-GBN] Recebido em ordem DATA seq=2864. ACK=2864
[RUDP-GBN] Recebido em ordem DATA seq=2865. ACK=2865
[RUDP-GBN] Recebido em ordem DATA seq=2866. ACK=2866
[RUDP-GBN] Recebido em ordem DATA seq=2867. ACK=2867
[RUDP-GBN] Recebido em ordem DATA seq=2868. ACK=2868
[RUDP-GBN] Recebido em ordem DATA seq=2869. ACK=2869
[RUDP-GBN] Recebido em ordem DATA seq=2870. ACK=2870
[RUDP-GBN] Recebido em ordem DATA seq=2871. ACK=2871
[RUDP-GBN] Recebido em ordem DATA seq=2872. ACK=2872
[RUDP-GBN] Recebido em ordem DATA seq=2873. ACK=2873
[RUDP-GBN] Recebido em ordem DATA seq=2874. ACK=2874
[RUDP-GBN] Recebido em ordem DATA seq=2875. ACK=2875
[RUDP-GBN] Recebido em ordem DATA seq=2876. ACK=2876
[RUDP-GBN] Recebido em ordem DATA seq=2877. ACK=2877
[RUDP-GBN] Recebido em ordem DATA seq=2878. ACK=2878
[RUDP-GBN] Recebido em ordem DATA seq=2879. ACK=2879
[RUDP-GBN] Recebido em ordem DATA seq=2880. ACK=2880
[RUDP-GBN] Recebido em ordem DATA seq=2881. ACK=2881
[RUDP-GBN] Recebido em ordem DATA seq=2882. ACK=2882
[RUDP-GBN] Recebido em ordem DATA seq=2883. ACK=2883
[RUDP-GBN] Recebido em ordem DATA seq=2884. ACK=2884
[RUDP-GBN] Recebido em ordem DATA seq=2885. ACK=2885
[RUDP-GBN] Recebido em ordem DATA seq=2886. ACK=2886
[RUDP-GBN] Recebido em ordem DATA seq=2887. ACK=2887
[RUDP-GBN] Recebido em ordem DATA seq=2888. ACK=2888
[RUDP-GBN] Recebido em ordem DATA seq=2889. ACK=2889
[RUDP-GBN] Recebido em ordem DATA seq=2890. ACK=2890
[RUDP-GBN] Recebido em ordem DATA seq=2891. ACK=2891
[RUDP-GBN] Recebido em ordem DATA seq=2892. ACK=2892
[RUDP-GBN] Recebido em ordem DATA seq=2893. ACK=2893
[RUDP-GBN] Recebido em ordem DATA seq=2894. ACK=2894
[RUDP-GBN] Recebido em ordem DATA seq=2895. ACK=2895
[RUDP-GBN] Recebido em ordem DATA seq=2896. ACK=2896
[RUDP-GBN] Recebido em ordem DATA seq=2897. ACK=2897
[RUDP-GBN] Recebido em ordem DATA seq=2898. ACK=2898
[RUDP-GBN] Recebido em ordem DATA seq=2899. ACK=2899
[RUDP-GBN] Recebido em ordem DATA seq=2900. ACK=2900
[RUDP-GBN] Recebido em ordem DATA seq=2901. ACK=2901
[RUDP-GBN] Recebido em ordem DATA seq=2902. ACK=2902
[RUDP-GBN] Recebido em ordem DATA seq=2903. ACK=2903
[RUDP-GBN] Recebido em ordem DATA seq=2904. ACK=2904
[RUDP-GBN] Recebido em ordem DATA seq=2905. ACK=2905
[RUDP-GBN] Recebido em ordem DATA seq=2906. ACK=2906
[RUDP-GBN] Recebido em ordem DATA seq=2907. ACK=2907
[RUDP-GBN] Recebido em ordem DATA seq=2908. ACK=2908
[RUDP-GBN] Recebido em ordem DATA seq=2909. ACK=2909
[RUDP-GBN] Recebido em ordem DATA seq=2910. ACK=2910
[RUDP-GBN] Recebido em ordem DATA seq=2911. ACK=2911
[RUDP-GBN] Recebido em ordem DATA seq=2912. ACK=2912
[RUDP-GBN] Recebido em ordem DATA seq=2913. ACK=2913
[RUDP-GBN] Recebido em ordem DATA seq=2914. ACK=2914
[RUDP-GBN] Recebido em ordem DATA seq=2915. ACK=2915
[RUDP-GBN] Recebido em ordem DATA seq=2916. ACK=2916
[RUDP-GBN] Recebido em ordem DATA seq=2917. ACK=2917
[RUDP-GBN] Recebido em ordem DATA seq=2918. ACK=2918
[RUDP-GBN] Recebido em ordem DATA seq=2919. ACK=2919
[RUDP-GBN] Recebido em ordem DATA seq=2920. ACK=2920
[RUDP-GBN] Recebido em ordem DATA seq=2921. ACK=2921
[RUDP-GBN] Recebido em ordem DATA seq=2922. ACK=2922
[RUDP-GBN] Recebido em ordem DATA seq=2923. ACK=2923
[RUDP-GBN] Recebido em ordem DATA seq=2924. ACK=2924
[RUDP-GBN] Recebido em ordem DATA seq=2925. ACK=2925
[RUDP-GBN] Recebido em ordem DATA seq=2926. ACK=2926
[RUDP-GBN] Recebido em ordem DATA seq=2927. ACK=2927
[RUDP-GBN] Recebido em ordem DATA seq=2928. ACK=2928
[RUDP-GBN] Recebido em ordem DATA seq=2929. ACK=2929
[RUDP-GBN] Recebido em ordem DATA seq=2930. ACK=2930
[RUDP-GBN] Recebido em ordem DATA seq=2931. ACK=2931
[RUDP-GBN] Recebido em ordem DATA seq=2932. ACK=2932
[RUDP-GBN] Recebido em ordem DATA seq=2933. ACK=2933
[RUDP-GBN] Recebido em ordem DATA seq=2934. ACK=2934
[RUDP-GBN] Recebido em ordem DATA seq=2935. ACK=2935
[RUDP-GBN] Recebido em ordem DATA seq=2936. ACK=2936
[RUDP-GBN] Recebido em ordem DATA seq=2937. ACK=2937
[RUDP-GBN] Recebido em ordem DATA seq=2938. ACK=2938
[RUDP-GBN] Recebido em ordem DATA seq=2939. ACK=2939
[RUDP-GBN] Recebido em ordem DATA seq=2940. ACK=2940
[RUDP-GBN] Recebido em ordem DATA seq=2941. ACK=2941
[RUDP-GBN] Recebido em ordem DATA seq=2942. ACK=2942
[RUDP-GBN] Recebido em ordem DATA seq=2943. ACK=2943
[RUDP-GBN] Recebido em ordem DATA seq=2944. ACK=2944
[RUDP-GBN] Recebido em ordem DATA seq=2945. ACK=2945
[RUDP-GBN] Recebido em ordem DATA seq=2946. ACK=2946
[RUDP-GBN] Recebido em ordem DATA seq=2947. ACK=2947
[RUDP-GBN] Recebido em ordem DATA seq=2948. ACK=2948
[RUDP-GBN] Recebido em ordem DATA seq=2949. ACK=2949
[RUDP-GBN] Recebido em ordem DATA seq=2950. ACK=2950
[RUDP-GBN] Recebido em ordem DATA seq=2951. ACK=2951
[RUDP-GBN] Recebido em ordem DATA seq=2952. ACK=2952
[RUDP-GBN] Recebido em ordem DATA seq=2953. ACK=2953
[RUDP-GBN] Recebido em ordem DATA seq=2954. ACK=2954
[RUDP-GBN] Recebido em ordem DATA seq=2955. ACK=2955
[RUDP-GBN] Recebido em ordem DATA seq=2956. ACK=2956
[RUDP-GBN] Recebido em ordem DATA seq=2957. ACK=2957
[RUDP-GBN] Recebido em ordem DATA seq=2958. ACK=2958
[RUDP-GBN] Recebido em ordem DATA seq=2959. ACK=2959
[RUDP-GBN] Recebido em ordem DATA seq=2960. ACK=2960
[RUDP-GBN] Recebido em ordem DATA seq=2961. ACK=2961
[RUDP-GBN] Recebido em ordem DATA seq=2962. ACK=2962
[RUDP-GBN] Recebido em ordem DATA seq=2963. ACK=2963
[RUDP-GBN] Recebido em ordem DATA seq=2964. ACK=2964
[RUDP-GBN] Recebido em ordem DATA seq=2965. ACK=2965
[RUDP-GBN] Recebido em ordem DATA seq=2966. ACK=2966
[RUDP-GBN] Recebido em ordem DATA seq=2967. ACK=2967
[RUDP-GBN] Recebido em ordem DATA seq=2968. ACK=2968
[RUDP-GBN] Recebido em ordem DATA seq=2969. ACK=2969
[RUDP-GBN] Recebido em ordem DATA seq=2970. ACK=2970
[RUDP-GBN] Recebido em ordem DATA seq=2971. ACK=2971
[RUDP-GBN] Recebido em ordem DATA seq=2972. ACK=2972
[RUDP-GBN] Recebido em ordem DATA seq=2973. ACK=2973
[RUDP-GBN] Recebido em ordem DATA seq=2974. ACK=2974
[RUDP-GBN] Recebido em ordem DATA seq=2975. ACK=2975
[RUDP-GBN] Recebido em ordem DATA seq=2976. ACK=2976
[RUDP-GBN] Recebido em ordem DATA seq=2977. ACK=2977
[RUDP-GBN] Recebido em ordem DATA seq=2978. ACK=2978
[RUDP-GBN] Recebido em ordem DATA seq=2979. ACK=2979
[RUDP-GBN] Recebido em ordem DATA seq=2980. ACK=2980
[RUDP-GBN] Recebido em ordem DATA seq=2981. ACK=2981
[RUDP-GBN] Recebido em ordem DATA seq=2982. ACK=2982
[RUDP-GBN] Recebido em ordem DATA seq=2983. ACK=2983
[RUDP-GBN] Recebido em ordem DATA seq=2984. ACK=2984
[RUDP-GBN] Recebido em ordem DATA seq=2985. ACK=2985
[RUDP-GBN] Recebido em ordem DATA seq=2986. ACK=2986
[RUDP-GBN] Recebido em ordem DATA seq=2987. ACK=2987
[RUDP-GBN] Recebido em ordem DATA seq=2988. ACK=2988
[RUDP-GBN] Recebido em ordem DATA seq=2989. ACK=2989
[RUDP-GBN] Recebido em ordem DATA seq=2990. ACK=2990
[RUDP-GBN] Recebido em ordem DATA seq=2991. ACK=2991
[RUDP-GBN] Recebido em ordem DATA seq=2992. ACK=2992
[RUDP-GBN] Recebido em ordem DATA seq=2993. ACK=2993
[RUDP-GBN] Recebido em ordem DATA seq=2994. ACK=2994
[RUDP-GBN] Recebido em ordem DATA seq=2995. ACK=2995
[RUDP-GBN] Recebido em ordem DATA seq=2996. ACK=2996
[RUDP-GBN] Recebido em ordem DATA seq=2997. ACK=2997
[RUDP-GBN] Recebido em ordem DATA seq=2998. ACK=2998
[RUDP-GBN] Recebido em ordem DATA seq=2999. ACK=2999
[RUDP-GBN] Recebido em ordem DATA seq=3000. ACK=3000
[RUDP-GBN] Recebido em ordem DATA seq=3001. ACK=3001
[RUDP-GBN] Recebido em ordem DATA seq=3002. ACK=3002
[RUDP-GBN] Recebido em ordem DATA seq=3003. ACK=3003
[RUDP-GBN] Recebido em ordem DATA seq=3004. ACK=3004
[RUDP-GBN] Recebido em ordem DATA seq=3005. ACK=3005
[RUDP-GBN] Recebido em ordem DATA seq=3006. ACK=3006
[RUDP-GBN] Recebido em ordem DATA seq=3007. ACK=3007
[RUDP-GBN] Recebido em ordem DATA seq=3008. ACK=3008
[RUDP-GBN] Recebido em ordem DATA seq=3009. ACK=3009
[RUDP-GBN] Recebido em ordem DATA seq=3010. ACK=3010
[RUDP-GBN] Recebido em ordem DATA seq=3011. ACK=3011
[RUDP-GBN] Recebido em ordem DATA seq=3012. ACK=3012
[RUDP-GBN] Recebido em ordem DATA seq=3013. ACK=3013
[RUDP-GBN] Recebido em ordem DATA seq=3014. ACK=3014
[RUDP-GBN] Recebido em ordem DATA seq=3015. ACK=3015
[RUDP-GBN] Recebido em ordem DATA seq=3016. ACK=3016
[RUDP-GBN] Recebido em ordem DATA seq=3017. ACK=3017
[RUDP-GBN] Recebido em ordem DATA seq=3018. ACK=3018
[RUDP-GBN] Recebido em ordem DATA seq=3019. ACK=3019
[RUDP-GBN] Recebido em ordem DATA seq=3020. ACK=3020
[RUDP-GBN] Recebido em ordem DATA seq=3021. ACK=3021
[RUDP-GBN] Recebido em ordem DATA seq=3022. ACK=3022
[RUDP-GBN] Recebido em ordem DATA seq=3023. ACK=3023
[RUDP-GBN] Recebido em ordem DATA seq=3024. ACK=3024
[RUDP-GBN] Recebido em ordem DATA seq=3025. ACK=3025
[RUDP-GBN] Recebido em ordem DATA seq=3026. ACK=3026
[RUDP-GBN] Recebido em ordem DATA seq=3027. ACK=3027
[RUDP-GBN] Recebido em ordem DATA seq=3028. ACK=3028
[RUDP-GBN] Recebido em ordem DATA seq=3029. ACK=3029
[RUDP-GBN] Recebido em ordem DATA seq=3030. ACK=3030
[RUDP-GBN] Recebido em ordem DATA seq=3031. ACK=3031
[RUDP-GBN] Recebido em ordem DATA seq=3032. ACK=3032
[RUDP-GBN] Recebido em ordem DATA seq=3033. ACK=3033
[RUDP-GBN] Recebido em ordem DATA seq=3034. ACK=3034
[RUDP-GBN] Recebido em ordem DATA seq=3035. ACK=3035
[RUDP-GBN] Recebido em ordem DATA seq=3036. ACK=3036
[RUDP-GBN] Recebido em ordem DATA seq=3037. ACK=3037
[RUDP-GBN] Recebido em ordem DATA seq=3038. ACK=3038
[RUDP-GBN] Recebido em ordem DATA seq=3039. ACK=3039
[RUDP-GBN] Recebido em ordem DATA seq=3040. ACK=3040
[RUDP-GBN] Recebido em ordem DATA seq=3041. ACK=3041
[RUDP-GBN] Recebido em ordem DATA seq=3042. ACK=3042
[RUDP-GBN] Recebido em ordem DATA seq=3043. ACK=3043
[RUDP-GBN] Recebido em ordem DATA seq=3044. ACK=3044
[RUDP-GBN] Recebido em ordem DATA seq=3045. ACK=3045
[RUDP-GBN] Recebido em ordem DATA seq=3046. ACK=3046
[RUDP-GBN] Recebido em ordem DATA seq=3047. ACK=3047
[RUDP-GBN] Recebido em ordem DATA seq=3048. ACK=3048
[RUDP-GBN] Recebido em ordem DATA seq=3049. ACK=3049
[RUDP-GBN] Recebido em ordem DATA seq=3050. ACK=3050
[RUDP-GBN] Recebido em ordem DATA seq=3051. ACK=3051
[RUDP-GBN] Recebido em ordem DATA seq=3052. ACK=3052
[RUDP-GBN] Recebido em ordem DATA seq=3053. ACK=3053
[RUDP-GBN] Recebido em ordem DATA seq=3054. ACK=3054
[RUDP-GBN] Recebido em ordem DATA seq=3055. ACK=3055
[RUDP-GBN] Recebido em ordem DATA seq=3056. ACK=3056
[RUDP-GBN] Recebido em ordem DATA seq=3057. ACK=3057
[RUDP-GBN] Recebido em ordem DATA seq=3058. ACK=3058
[RUDP-GBN] Recebido em ordem DATA seq=3059. ACK=3059
[RUDP-GBN] Recebido em ordem DATA seq=3060. ACK=3060
[RUDP-GBN] Recebido em ordem DATA seq=3061. ACK=3061
[RUDP-GBN] Recebido em ordem DATA seq=3062. ACK=3062
[RUDP-GBN] Recebido em ordem DATA seq=3063. ACK=3063
[RUDP-GBN] Recebido em ordem DATA seq=3064. ACK=3064
[RUDP-GBN] Recebido em ordem DATA seq=3065. ACK=3065
[RUDP-GBN] Recebido em ordem DATA seq=3066. ACK=3066
[RUDP-GBN] Recebido em ordem DATA seq=3067. ACK=3067
[RUDP-GBN] Recebido em ordem DATA seq=3068. ACK=3068
[RUDP-GBN] Recebido em ordem DATA seq=3069. ACK=3069
[RUDP-GBN] Recebido em ordem DATA seq=3070. ACK=3070
[RUDP-GBN] Recebido em ordem DATA seq=3071. ACK=3071
[RUDP-GBN] Recebido em ordem DATA seq=3072. ACK=3072
[RUDP-GBN] Recebido em ordem DATA seq=3073. ACK=3073
[RUDP-GBN] Recebido em ordem DATA seq=3074. ACK=3074
[RUDP-GBN] Recebido em ordem DATA seq=3075. ACK=3075
[RUDP-GBN] Recebido em ordem DATA seq=3076. ACK=3076
[RUDP-GBN] Recebido em ordem DATA seq=3077. ACK=3077
[RUDP-GBN] Recebido em ordem DATA seq=3078. ACK=3078
[RUDP-GBN] Recebido em ordem DATA seq=3079. ACK=3079
[RUDP-GBN] Recebido em ordem DATA seq=3080. ACK=3080
[RUDP-GBN] Recebido em ordem DATA seq=3081. ACK=3081
[RUDP-GBN] Recebido em ordem DATA seq=3082. ACK=3082
[RUDP-GBN] Recebido em ordem DATA seq=3083. ACK=3083
[RUDP-GBN] Recebido em ordem DATA seq=3084. ACK=3084
[RUDP-GBN] Recebido em ordem DATA seq=3085. ACK=3085
[RUDP-GBN] Recebido em ordem DATA seq=3086. ACK=3086
[RUDP-GBN] Recebido em ordem DATA seq=3087. ACK=3087
[RUDP-GBN] Recebido em ordem DATA seq=3088. ACK=3088
[RUDP-GBN] Recebido em ordem DATA seq=3089. ACK=3089
[RUDP-GBN] Recebido em ordem DATA seq=3090. ACK=3090
[RUDP-GBN] Recebido em ordem DATA seq=3091. ACK=3091
[RUDP-GBN] Recebido em ordem DATA seq=3092. ACK=3092
[RUDP-GBN] Recebido em ordem DATA seq=3093. ACK=3093
[RUDP-GBN] Recebido em ordem DATA seq=3094. ACK=3094
[RUDP-GBN] Recebido em ordem DATA seq=3095. ACK=3095
[RUDP-GBN] Recebido em ordem DATA seq=3096. ACK=3096
[RUDP-GBN] Recebido em ordem DATA seq=3097. ACK=3097
[RUDP-GBN] Recebido em ordem DATA seq=3098. ACK=3098
[RUDP-GBN] Recebido em ordem DATA seq=3099. ACK=3099
[RUDP-GBN] Recebido em ordem DATA seq=3100. ACK=3100
[RUDP-GBN] Recebido em ordem DATA seq=3101. ACK=3101
[RUDP-GBN] Recebido em ordem DATA seq=3102. ACK=3102
[RUDP-GBN] Recebido em ordem DATA seq=3103. ACK=3103
[RUDP-GBN] Recebido em ordem DATA seq=3104. ACK=3104
[RUDP-GBN] Recebido em ordem DATA seq=3105. ACK=3105
[RUDP-GBN] Recebido em ordem DATA seq=3106. ACK=3106
[RUDP-GBN] Recebido em ordem DATA seq=3107. ACK=3107
[RUDP-GBN] Recebido em ordem DATA seq=3108. ACK=3108
[RUDP-GBN] Recebido em ordem DATA seq=3109. ACK=3109
[RUDP-GBN] Recebido em ordem DATA seq=3110. ACK=3110
[RUDP-GBN] Recebido em ordem DATA seq=3111. ACK=3111
[RUDP-GBN] Recebido em ordem DATA seq=3112. ACK=3112
[RUDP-GBN] Recebido em ordem DATA seq=3113. ACK=3113
[RUDP-GBN] Recebido em ordem DATA seq=3114. ACK=3114
[RUDP-GBN] Recebido em ordem DATA seq=3115. ACK=3115
[RUDP-GBN] Recebido em ordem DATA seq=3116. ACK=3116
[RUDP-GBN] Recebido em ordem DATA seq=3117. ACK=3117
[RUDP-GBN] Recebido em ordem DATA seq=3118. ACK=3118
[RUDP-GBN] Recebido em ordem DATA seq=3119. ACK=3119
[RUDP-GBN] Recebido em ordem DATA seq=3120. ACK=3120
[RUDP-GBN] Recebido em ordem DATA seq=3121. ACK=3121
[RUDP-GBN] Recebido em ordem DATA seq=3122. ACK=3122
[RUDP-GBN] Recebido em ordem DATA seq=3123. ACK=3123
[RUDP-GBN] Recebido em ordem DATA seq=3124. ACK=3124
[RUDP-GBN] Recebido em ordem DATA seq=3125. ACK=3125
[RUDP-GBN] Recebido em ordem DATA seq=3126. ACK=3126
[RUDP-GBN] Recebido em ordem DATA seq=3127. ACK=3127
[RUDP-GBN] Recebido em ordem DATA seq=3128. ACK=3128
[RUDP-GBN] Recebido em ordem DATA seq=3129. ACK=3129
[RUDP-GBN] Recebido em ordem DATA seq=3130. ACK=3130
[RUDP-GBN] Recebido em ordem DATA seq=3131. ACK=3131
[RUDP-GBN] Recebido em ordem DATA seq=3132. ACK=3132
[RUDP-GBN] Recebido em ordem DATA seq=3133. ACK=3133
[RUDP-GBN] Recebido em ordem DATA seq=3134. ACK=3134
[RUDP-GBN] Recebido em ordem DATA seq=3135. ACK=3135
[RUDP-GBN] Recebido em ordem DATA seq=3136. ACK=3136
[RUDP-GBN] Recebido em ordem DATA seq=3137. ACK=3137
[RUDP-GBN] Recebido em ordem DATA seq=3138. ACK=3138
[RUDP-GBN] Recebido em ordem DATA seq=3139. ACK=3139
[RUDP-GBN] Recebido em ordem DATA seq=3140. ACK=3140
[RUDP-GBN] Recebido em ordem DATA seq=3141. ACK=3141
[RUDP-GBN] Recebido em ordem DATA seq=3142. ACK=3142
[RUDP-GBN] Recebido em ordem DATA seq=3143. ACK=3143
[RUDP-GBN] Recebido em ordem DATA seq=3144. ACK=3144
[RUDP-GBN] Recebido em ordem DATA seq=3145. ACK=3145
[RUDP-GBN] Recebido em ordem DATA seq=3146. ACK=3146
[RUDP-GBN] Recebido em ordem DATA seq=3147. ACK=3147
[RUDP-GBN] Recebido em ordem DATA seq=3148. ACK=3148
[RUDP-GBN] Recebido em ordem DATA seq=3149. ACK=3149
[RUDP-GBN] Recebido em ordem DATA seq=3150. ACK=3150
[RUDP-GBN] Recebido em ordem DATA seq=3151. ACK=3151
[RUDP-GBN] Recebido em ordem DATA seq=3152. ACK=3152
[RUDP-GBN] Recebido em ordem DATA seq=3153. ACK=3153
[RUDP-GBN] Recebido em ordem DATA seq=3154. ACK=3154
[RUDP-GBN] Recebido em ordem DATA seq=3155. ACK=3155
[RUDP-GBN] Recebido em ordem DATA seq=3156. ACK=3156
[RUDP-GBN] Recebido em ordem DATA seq=3157. ACK=3157
[RUDP-GBN] Recebido em ordem DATA seq=3158. ACK=3158
[RUDP-GBN] Recebido em ordem DATA seq=3159. ACK=3159
[RUDP-GBN] Recebido em ordem DATA seq=3160. ACK=3160
[RUDP-GBN] Recebido em ordem DATA seq=3161. ACK=3161
[RUDP-GBN] Recebido em ordem DATA seq=3162. ACK=3162
[RUDP-GBN] Recebido em ordem DATA seq=3163. ACK=3163
[RUDP-GBN] Recebido em ordem DATA seq=3164. ACK=3164
[RUDP-GBN] Recebido em ordem DATA seq=3165. ACK=3165
[RUDP-GBN] Recebido em ordem DATA seq=3166. ACK=3166
[RUDP-GBN] Recebido em ordem DATA seq=3167. ACK=3167
[RUDP-GBN] Recebido em ordem DATA seq=3168. ACK=3168
[RUDP-GBN] Recebido em ordem DATA seq=3169. ACK=3169
[RUDP-GBN] Recebido em ordem DATA seq=3170. ACK=3170
[RUDP-GBN] Recebido em ordem DATA seq=3171. ACK=3171
[RUDP-GBN] Recebido em ordem DATA seq=3172. ACK=3172
[RUDP-GBN] Recebido em ordem DATA seq=3173. ACK=3173
[RUDP-GBN] Recebido em ordem DATA seq=3174. ACK=3174
[RUDP-GBN] Recebido em ordem DATA seq=3175. ACK=3175
[RUDP-GBN] Recebido em ordem DATA seq=3176. ACK=3176
[RUDP-GBN] Recebido em ordem DATA seq=3177. ACK=3177
[RUDP-GBN] Recebido em ordem DATA seq=3178. ACK=3178
[RUDP-GBN] Recebido em ordem DATA seq=3179. ACK=3179
[RUDP-GBN] Recebido em ordem DATA seq=3180. ACK=3180
[RUDP-GBN] Recebido em ordem DATA seq=3181. ACK=3181
[RUDP-GBN] Recebido em ordem DATA seq=3182. ACK=3182
[RUDP-GBN] Recebido em ordem DATA seq=3183. ACK=3183
[RUDP-GBN] Recebido em ordem DATA seq=3184. ACK=3184
[RUDP-GBN] Recebido em ordem DATA seq=3185. ACK=3185
[RUDP-GBN] Recebido em ordem DATA seq=3186. ACK=3186
[RUDP-GBN] Recebido em ordem DATA seq=3187. ACK=3187
[RUDP-GBN] Recebido em ordem DATA seq=3188. ACK=3188
[RUDP-GBN] Recebido em ordem DATA seq=3189. ACK=3189
[RUDP-GBN] Recebido em ordem DATA seq=3190. ACK=3190
[RUDP-GBN] Recebido em ordem DATA seq=3191. ACK=3191
[RUDP-GBN] Recebido em ordem DATA seq=3192. ACK=3192
[RUDP-GBN] Recebido em ordem DATA seq=3193. ACK=3193
[RUDP-GBN] Recebido em ordem DATA seq=3194. ACK=3194
[RUDP-GBN] Recebido em ordem DATA seq=3195. ACK=3195
[RUDP-GBN] Recebido em ordem DATA seq=3196. ACK=3196
[RUDP-GBN] Recebido em ordem DATA seq=3197. ACK=3197
[RUDP-GBN] Recebido em ordem DATA seq=3198. ACK=3198
[RUDP-GBN] Recebido em ordem DATA seq=3199. ACK=3199
[RUDP-GBN] Recebido em ordem DATA seq=3200. ACK=3200
[RUDP-GBN] Recebido em ordem DATA seq=3201. ACK=3201
[RUDP-GBN] Recebido em ordem DATA seq=3202. ACK=3202
[RUDP-GBN] Recebido em ordem DATA seq=3203. ACK=3203
[RUDP-GBN] Recebido em ordem DATA seq=3204. ACK=3204
[RUDP-GBN] Recebido em ordem DATA seq=3205. ACK=3205
[RUDP-GBN] Recebido em ordem DATA seq=3206. ACK=3206
[RUDP-GBN] Recebido em ordem DATA seq=3207. ACK=3207
[RUDP-GBN] Recebido em ordem DATA seq=3208. ACK=3208
[RUDP-GBN] Recebido em ordem DATA seq=3209. ACK=3209
[RUDP-GBN] Recebido em ordem DATA seq=3210. ACK=3210
[RUDP-GBN] Recebido em ordem DATA seq=3211. ACK=3211
[RUDP-GBN] Recebido em ordem DATA seq=3212. ACK=3212
[RUDP-GBN] Recebido em ordem DATA seq=3213. ACK=3213
[RUDP-GBN] Recebido em ordem DATA seq=3214. ACK=3214
[RUDP-GBN] Recebido em ordem DATA seq=3215. ACK=3215
[RUDP-GBN] Recebido em ordem DATA seq=3216. ACK=3216
[RUDP-GBN] Recebido em ordem DATA seq=3217. ACK=3217
[RUDP-GBN] Recebido em ordem DATA seq=3218. ACK=3218
[RUDP-GBN] Recebido em ordem DATA seq=3219. ACK=3219
[RUDP-GBN] Recebido em ordem DATA seq=3220. ACK=3220
[RUDP-GBN] Recebido em ordem DATA seq=3221. ACK=3221
[RUDP-GBN] Recebido em ordem DATA seq=3222. ACK=3222
[RUDP-GBN] Recebido em ordem DATA seq=3223. ACK=3223
[RUDP-GBN] Recebido em ordem DATA seq=3224. ACK=3224
[RUDP-GBN] Recebido em ordem DATA seq=3225. ACK=3225
[RUDP-GBN] Recebido em ordem DATA seq=3226. ACK=3226
[RUDP-GBN] Recebido em ordem DATA seq=3227. ACK=3227
[RUDP-GBN] Recebido em ordem DATA seq=3228. ACK=3228
[RUDP-GBN] Recebido em ordem DATA seq=3229. ACK=3229
[RUDP-GBN] Recebido em ordem DATA seq=3230. ACK=3230
[RUDP-GBN] Recebido em ordem DATA seq=3231. ACK=3231
[RUDP-GBN] Recebido em ordem DATA seq=3232. ACK=3232
[RUDP-GBN] Recebido em ordem DATA seq=3233. ACK=3233
[RUDP-GBN] Recebido em ordem DATA seq=3234. ACK=3234
[RUDP-GBN] Recebido em ordem DATA seq=3235. ACK=3235
[RUDP-GBN] Recebido em ordem DATA seq=3236. ACK=3236
[RUDP-GBN] Recebido em ordem DATA seq=3237. ACK=3237
[RUDP-GBN] Recebido em ordem DATA seq=3238. ACK=3238
[RUDP-GBN] Recebido em ordem DATA seq=3239. ACK=3239
[RUDP-GBN] Recebido em ordem DATA seq=3240. ACK=3240
[RUDP-GBN] Recebido em ordem DATA seq=3241. ACK=3241
[RUDP-GBN] Recebido em ordem DATA seq=3242. ACK=3242
[RUDP-GBN] Recebido em ordem DATA seq=3243. ACK=3243
[RUDP-GBN] Recebido em ordem DATA seq=3244. ACK=3244
[RUDP-GBN] Recebido em ordem DATA seq=3245. ACK=3245
[RUDP-GBN] Recebido em ordem DATA seq=3246. ACK=3246
[RUDP-GBN] Recebido em ordem DATA seq=3247. ACK=3247
[RUDP-GBN] Recebido em ordem DATA seq=3248. ACK=3248
[RUDP-GBN] Recebido em ordem DATA seq=3249. ACK=3249
[RUDP-GBN] Recebido em ordem DATA seq=3250. ACK=3250
[RUDP-GBN] Recebido em ordem DATA seq=3251. ACK=3251
[RUDP-GBN] Recebido em ordem DATA seq=3252. ACK=3252
[RUDP-GBN] Recebido em ordem DATA seq=3253. ACK=3253
[RUDP-GBN] Recebido em ordem DATA seq=3254. ACK=3254
[RUDP-GBN] Recebido em ordem DATA seq=3255. ACK=3255
[RUDP-GBN] Recebido em ordem DATA seq=3256. ACK=3256
[RUDP-GBN] Recebido em ordem DATA seq=3257. ACK=3257
[RUDP-GBN] Recebido em ordem DATA seq=3258. ACK=3258
[RUDP-GBN] Recebido em ordem DATA seq=3259. ACK=3259
[RUDP-GBN] Recebido em ordem DATA seq=3260. ACK=3260
[RUDP-GBN] Recebido em ordem DATA seq=3261. ACK=3261
[RUDP-GBN] Recebido em ordem DATA seq=3262. ACK=3262
[RUDP-GBN] Recebido em ordem DATA seq=3263. ACK=3263
[RUDP-GBN] Recebido em ordem DATA seq=3264. ACK=3264
[RUDP-GBN] Recebido em ordem DATA seq=3265. ACK=3265
[RUDP-GBN] Recebido em ordem DATA seq=3266. ACK=3266
[RUDP-GBN] Recebido em ordem DATA seq=3267. ACK=3267
[RUDP-GBN] Recebido em ordem DATA seq=3268. ACK=3268
[RUDP-GBN] Recebido em ordem DATA seq=3269. ACK=3269
[RUDP-GBN] Recebido em ordem DATA seq=3270. ACK=3270
[RUDP-GBN] Recebido em ordem DATA seq=3271. ACK=3271
[RUDP-GBN] Recebido em ordem DATA seq=3272. ACK=3272
[RUDP-GBN] Recebido em ordem DATA seq=3273. ACK=3273
[RUDP-GBN] Recebido em ordem DATA seq=3274. ACK=3274
[RUDP-GBN] Recebido em ordem DATA seq=3275. ACK=3275
[RUDP-GBN] Recebido em ordem DATA seq=3276. ACK=3276
[RUDP-GBN] Recebido em ordem DATA seq=3277. ACK=3277
[RUDP-GBN] Recebido em ordem DATA seq=3278. ACK=3278
[RUDP-GBN] Recebido em ordem DATA seq=3279. ACK=3279
[RUDP-GBN] Recebido em ordem DATA seq=3280. ACK=3280
[RUDP-GBN] Recebido em ordem DATA seq=3281. ACK=3281
[RUDP-GBN] Recebido em ordem DATA seq=3282. ACK=3282
[RUDP-GBN] Recebido em ordem DATA seq=3283. ACK=3283
[RUDP-GBN] Recebido em ordem DATA seq=3284. ACK=3284
[RUDP-GBN] Recebido em ordem DATA seq=3285. ACK=3285
[RUDP-GBN] Recebido em ordem DATA seq=3286. ACK=3286
[RUDP-GBN] Recebido em ordem DATA seq=3287. ACK=3287
[RUDP-GBN] Recebido em ordem DATA seq=3288. ACK=3288
[RUDP-GBN] Recebido em ordem DATA seq=3289. ACK=3289
[RUDP-GBN] Recebido em ordem DATA seq=3290. ACK=3290
[RUDP-GBN] Recebido em ordem DATA seq=3291. ACK=3291
[RUDP-GBN] Recebido em ordem DATA seq=3292. ACK=3292
[RUDP-GBN] Recebido em ordem DATA seq=3293. ACK=3293
[RUDP-GBN] Recebido em ordem DATA seq=3294. ACK=3294
[RUDP-GBN] Recebido em ordem DATA seq=3295. ACK=3295
[RUDP-GBN] Recebido em ordem DATA seq=3296. ACK=3296
[RUDP-GBN] Recebido em ordem DATA seq=3297. ACK=3297
[RUDP-GBN] Recebido em ordem DATA seq=3298. ACK=3298
[RUDP-GBN] Recebido em ordem DATA seq=3299. ACK=3299
[RUDP-GBN] Recebido em ordem DATA seq=3300. ACK=3300
[RUDP-GBN] Recebido em ordem DATA seq=3301. ACK=3301
[RUDP-GBN] Recebido em ordem DATA seq=3302. ACK=3302
[RUDP-GBN] Recebido em ordem DATA seq=3303. ACK=3303
[RUDP-GBN] Recebido em ordem DATA seq=3304. ACK=3304
[RUDP-GBN] Recebido em ordem DATA seq=3305. ACK=3305
[RUDP-GBN] Recebido em ordem DATA seq=3306. ACK=3306
[RUDP-GBN] Recebido em ordem DATA seq=3307. ACK=3307
[RUDP-GBN] Recebido em ordem DATA seq=3308. ACK=3308
[RUDP-GBN] Recebido em ordem DATA seq=3309. ACK=3309
[RUDP-GBN] Recebido em ordem DATA seq=3310. ACK=3310
[RUDP-GBN] Recebido em ordem DATA seq=3311. ACK=3311
[RUDP-GBN] Recebido em ordem DATA seq=3312. ACK=3312
[RUDP-GBN] Recebido em ordem DATA seq=3313. ACK=3313
[RUDP-GBN] Recebido em ordem DATA seq=3314. ACK=3314
[RUDP-GBN] Recebido em ordem DATA seq=3315. ACK=3315
[RUDP-GBN] Recebido em ordem DATA seq=3316. ACK=3316
[RUDP-GBN] Recebido em ordem DATA seq=3317. ACK=3317
[RUDP-GBN] Recebido em ordem DATA seq=3318. ACK=3318
[RUDP-GBN] Recebido em ordem DATA seq=3319. ACK=3319
[RUDP-GBN] Recebido em ordem DATA seq=3320. ACK=3320
[RUDP-GBN] Recebido em ordem DATA seq=3321. ACK=3321
[RUDP-GBN] Recebido em ordem DATA seq=3322. ACK=3322
[RUDP-GBN] Recebido em ordem DATA seq=3323. ACK=3323
[RUDP-GBN] Recebido em ordem DATA seq=3324. ACK=3324
[RUDP-GBN] Recebido em ordem DATA seq=3325. ACK=3325
[RUDP-GBN] Recebido em ordem DATA seq=3326. ACK=3326
[RUDP-GBN] Recebido em ordem DATA seq=3327. ACK=3327
[RUDP-GBN] Recebido em ordem DATA seq=3328. ACK=3328
[RUDP-GBN] Recebido em ordem DATA seq=3329. ACK=3329
[RUDP-GBN] Recebido em ordem DATA seq=3330. ACK=3330
[RUDP-GBN] Recebido em ordem DATA seq=3331. ACK=3331
[RUDP-GBN] Recebido em ordem DATA seq=3332. ACK=3332
[RUDP-GBN] Recebido em ordem DATA seq=3333. ACK=3333
[RUDP-GBN] Recebido em ordem DATA seq=3334. ACK=3334
[RUDP-GBN] Recebido em ordem DATA seq=3335. ACK=3335
[RUDP-GBN] Recebido em ordem DATA seq=3336. ACK=3336
[RUDP-GBN] Recebido em ordem DATA seq=3337. ACK=3337
[RUDP-GBN] Recebido em ordem DATA seq=3338. ACK=3338
[RUDP-GBN] Recebido em ordem DATA seq=3339. ACK=3339
[RUDP-GBN] Recebido em ordem DATA seq=3340. ACK=3340
[RUDP-GBN] Recebido em ordem DATA seq=3341. ACK=3341
[RUDP-GBN] Recebido em ordem DATA seq=3342. ACK=3342
[RUDP-GBN] Recebido em ordem DATA seq=3343. ACK=3343
[RUDP-GBN] Recebido em ordem DATA seq=3344. ACK=3344
[RUDP-GBN] Recebido em ordem DATA seq=3345. ACK=3345
[RUDP-GBN] Recebido em ordem DATA seq=3346. ACK=3346
[RUDP-GBN] Recebido em ordem DATA seq=3347. ACK=3347
[RUDP-GBN] Recebido em ordem DATA seq=3348. ACK=3348
[RUDP-GBN] Recebido em ordem DATA seq=3349. ACK=3349
[RUDP-GBN] Recebido em ordem DATA seq=3350. ACK=3350
[RUDP-GBN] Recebido em ordem DATA seq=3351. ACK=3351
[RUDP-GBN] Recebido em ordem DATA seq=3352. ACK=3352
[RUDP-GBN] Recebido em ordem DATA seq=3353. ACK=3353
[RUDP-GBN] Recebido em ordem DATA seq=3354. ACK=3354
[RUDP-GBN] Recebido em ordem DATA seq=3355. ACK=3355
[RUDP-GBN] Recebido em ordem DATA seq=3356. ACK=3356
[RUDP-GBN] Recebido em ordem DATA seq=3357. ACK=3357
[RUDP-GBN] Recebido em ordem DATA seq=3358. ACK=3358
[RUDP-GBN] Recebido em ordem DATA seq=3359. ACK=3359
[RUDP-GBN] Recebido em ordem DATA seq=3360. ACK=3360
[RUDP-GBN] Recebido em ordem DATA seq=3361. ACK=3361
[RUDP-GBN] Recebido em ordem DATA seq=3362. ACK=3362
[RUDP-GBN] Recebido em ordem DATA seq=3363. ACK=3363
[RUDP-GBN] Recebido em ordem DATA seq=3364. ACK=3364
[RUDP-GBN] Recebido em ordem DATA seq=3365. ACK=3365
[RUDP-GBN] Recebido em ordem DATA seq=3366. ACK=3366
[RUDP-GBN] Recebido em ordem DATA seq=3367. ACK=3367
[RUDP-GBN] Recebido em ordem DATA seq=3368. ACK=3368
[RUDP-GBN] Recebido em ordem DATA seq=3369. ACK=3369
[RUDP-GBN] Recebido em ordem DATA seq=3370. ACK=3370
[RUDP-GBN] Recebido em ordem DATA seq=3371. ACK=3371
[RUDP-GBN] Recebido em ordem DATA seq=3372. ACK=3372
[RUDP-GBN] Recebido em ordem DATA seq=3373. ACK=3373
[RUDP-GBN] Recebido em ordem DATA seq=3374. ACK=3374
[RUDP-GBN] Recebido em ordem DATA seq=3375. ACK=3375
[RUDP-GBN] Recebido em ordem DATA seq=3376. ACK=3376
[RUDP-GBN] Recebido em ordem DATA seq=3377. ACK=3377
[RUDP-GBN] Recebido em ordem DATA seq=3378. ACK=3378
[RUDP-GBN] Recebido em ordem DATA seq=3379. ACK=3379
[RUDP-GBN] Recebido em ordem DATA seq=3380. ACK=3380
[RUDP-GBN] Recebido em ordem DATA seq=3381. ACK=3381
[RUDP-GBN] Recebido em ordem DATA seq=3382. ACK=3382
[RUDP-GBN] Recebido em ordem DATA seq=3383. ACK=3383
[RUDP-GBN] Recebido em ordem DATA seq=3384. ACK=3384
[RUDP-GBN] Recebido em ordem DATA seq=3385. ACK=3385
[RUDP-GBN] Recebido em ordem DATA seq=3386. ACK=3386
[RUDP-GBN] Recebido em ordem DATA seq=3387. ACK=3387
[RUDP-GBN] Recebido em ordem DATA seq=3388. ACK=3388
[RUDP-GBN] Recebido em ordem DATA seq=3389. ACK=3389
[RUDP-GBN] Recebido em ordem DATA seq=3390. ACK=3390
[RUDP-GBN] Recebido em ordem DATA seq=3391. ACK=3391
[RUDP-GBN] Recebido em ordem DATA seq=3392. ACK=3392
[RUDP-GBN] Recebido em ordem DATA seq=3393. ACK=3393
[RUDP-GBN] Recebido em ordem DATA seq=3394. ACK=3394
[RUDP-GBN] Recebido em ordem DATA seq=3395. ACK=3395
[RUDP-GBN] Recebido em ordem DATA seq=3396. ACK=3396
[RUDP-GBN] Recebido em ordem DATA seq=3397. ACK=3397
[RUDP-GBN] Recebido em ordem DATA seq=3398. ACK=3398
[RUDP-GBN] Recebido em ordem DATA seq=3399. ACK=3399
[RUDP-GBN] Recebido em ordem DATA seq=3400. ACK=3400
[RUDP-GBN] Recebido em ordem DATA seq=3401. ACK=3401
[RUDP-GBN] Recebido em ordem DATA seq=3402. ACK=3402
[RUDP-GBN] Recebido em ordem DATA seq=3403. ACK=3403
[RUDP-GBN] Recebido em ordem DATA seq=3404. ACK=3404
[RUDP-GBN] Recebido em ordem DATA seq=3405. ACK=3405
[RUDP-GBN] Recebido em ordem DATA seq=3406. ACK=3406
[RUDP-GBN] Recebido em ordem DATA seq=3407. ACK=3407
[RUDP-GBN] Recebido em ordem DATA seq=3408. ACK=3408
[RUDP-GBN] Recebido em ordem DATA seq=3409. ACK=3409
[RUDP-GBN] Recebido em ordem DATA seq=3410. ACK=3410
[RUDP-GBN] Recebido em ordem DATA seq=3411. ACK=3411
[RUDP-GBN] Recebido em ordem DATA seq=3412. ACK=3412
[RUDP-GBN] Recebido em ordem DATA seq=3413. ACK=3413
[RUDP-GBN] Recebido em ordem DATA seq=3414. ACK=3414
[RUDP-GBN] Recebido em ordem DATA seq=3415. ACK=3415
[RUDP-GBN] Recebido em ordem DATA seq=3416. ACK=3416
[RUDP-GBN] Recebido em ordem DATA seq=3417. ACK=3417
[RUDP-GBN] Recebido em ordem DATA seq=3418. ACK=3418
[RUDP-GBN] Recebido em ordem DATA seq=3419. ACK=3419
[RUDP-GBN] Recebido em ordem DATA seq=3420. ACK=3420
[RUDP-GBN] Recebido em ordem DATA seq=3421. ACK=3421
[RUDP-GBN] Recebido em ordem DATA seq=3422. ACK=3422
[RUDP-GBN] Recebido em ordem DATA seq=3423. ACK=3423
[RUDP-GBN] Recebido em ordem DATA seq=3424. ACK=3424
[RUDP-GBN] Recebido em ordem DATA seq=3425. ACK=3425
[RUDP-GBN] Recebido em ordem DATA seq=3426. ACK=3426
[RUDP-GBN] Recebido em ordem DATA seq=3427. ACK=3427
[RUDP-GBN] Recebido em ordem DATA seq=3428. ACK=3428
[RUDP-GBN] Recebido em ordem DATA seq=3429. ACK=3429
[RUDP-GBN] Recebido em ordem DATA seq=3430. ACK=3430
[RUDP-GBN] Recebido em ordem DATA seq=3431. ACK=3431
[RUDP-GBN] Recebido em ordem DATA seq=3432. ACK=3432
[RUDP-GBN] Recebido em ordem DATA seq=3433. ACK=3433
[RUDP-GBN] Recebido em ordem DATA seq=3434. ACK=3434
[RUDP-GBN] Recebido em ordem DATA seq=3435. ACK=3435
[RUDP-GBN] Recebido em ordem DATA seq=3436. ACK=3436
[RUDP-GBN] Recebido em ordem DATA seq=3437. ACK=3437
[RUDP-GBN] Recebido em ordem DATA seq=3438. ACK=3438
[RUDP-GBN] Recebido em ordem DATA seq=3439. ACK=3439
[RUDP-GBN] Recebido em ordem DATA seq=3440. ACK=3440
[RUDP-GBN] Recebido em ordem DATA seq=3441. ACK=3441
[RUDP-GBN] Recebido em ordem DATA seq=3442. ACK=3442
[RUDP-GBN] Recebido em ordem DATA seq=3443. ACK=3443
[RUDP-GBN] Recebido em ordem DATA seq=3444. ACK=3444
[RUDP-GBN] Recebido em ordem DATA seq=3445. ACK=3445
[RUDP-GBN] Recebido em ordem DATA seq=3446. ACK=3446
[RUDP-GBN] Recebido em ordem DATA seq=3447. ACK=3447
[RUDP-GBN] Recebido em ordem DATA seq=3448. ACK=3448
[RUDP-GBN] Recebido em ordem DATA seq=3449. ACK=3449
[RUDP-GBN] Recebido em ordem DATA seq=3450. ACK=3450
[RUDP-GBN] Recebido em ordem DATA seq=3451. ACK=3451
[RUDP-GBN] Recebido em ordem DATA seq=3452. ACK=3452
[RUDP-GBN] Recebido em ordem DATA seq=3453. ACK=3453
[RUDP-GBN] Recebido em ordem DATA seq=3454. ACK=3454
[RUDP-GBN] Recebido em ordem DATA seq=3455. ACK=3455
[RUDP-GBN] Recebido em ordem DATA seq=3456. ACK=3456
[RUDP-GBN] Recebido em ordem DATA seq=3457. ACK=3457
[RUDP-GBN] Recebido em ordem DATA seq=3458. ACK=3458
[RUDP-GBN] Recebido em ordem DATA seq=3459. ACK=3459
[RUDP-GBN] Recebido em ordem DATA seq=3460. ACK=3460
[RUDP-GBN] Recebido em ordem DATA seq=3461. ACK=3461
[RUDP-GBN] Recebido em ordem DATA seq=3462. ACK=3462
[RUDP-GBN] Recebido em ordem DATA seq=3463. ACK=3463
[RUDP-GBN] Recebido em ordem DATA seq=3464. ACK=3464
[RUDP-GBN] Recebido em ordem DATA seq=3465. ACK=3465
[RUDP-GBN] Recebido em ordem DATA seq=3466. ACK=3466
[RUDP-GBN] Recebido em ordem DATA seq=3467. ACK=3467
[RUDP-GBN] Recebido em ordem DATA seq=3468. ACK=3468
[RUDP-GBN] Recebido em ordem DATA seq=3469. ACK=3469
[RUDP-GBN] Recebido em ordem DATA seq=3470. ACK=3470
[RUDP-GBN] Recebido em ordem DATA seq=3471. ACK=3471
[RUDP-GBN] Recebido em ordem DATA seq=3472. ACK=3472
[RUDP-GBN] Recebido em ordem DATA seq=3473. ACK=3473
[RUDP-GBN] Recebido em ordem DATA seq=3474. ACK=3474
[RUDP-GBN] Recebido em ordem DATA seq=3475. ACK=3475
[RUDP-GBN] Recebido em ordem DATA seq=3476. ACK=3476
[RUDP-GBN] Recebido em ordem DATA seq=3477. ACK=3477
[RUDP-GBN] Recebido em ordem DATA seq=3478. ACK=3478
[RUDP-GBN] Recebido em ordem DATA seq=3479. ACK=3479
[RUDP-GBN] Recebido em ordem DATA seq=3480. ACK=3480
[RUDP-GBN] Recebido em ordem DATA seq=3481. ACK=3481
[RUDP-GBN] Recebido em ordem DATA seq=3482. ACK=3482
[RUDP-GBN] Recebido em ordem DATA seq=3483. ACK=3483
[RUDP-GBN] Recebido em ordem DATA seq=3484. ACK=3484
[RUDP-GBN] Recebido em ordem DATA seq=3485. ACK=3485
[RUDP-GBN] Recebido em ordem DATA seq=3486. ACK=3486
[RUDP-GBN] Recebido em ordem DATA seq=3487. ACK=3487
[RUDP-GBN] Recebido em ordem DATA seq=3488. ACK=3488
[RUDP-GBN] Recebido em ordem DATA seq=3489. ACK=3489
[RUDP-GBN] Recebido em ordem DATA seq=3490. ACK=3490
[RUDP-GBN] Recebido em ordem DATA seq=3491. ACK=3491
[RUDP-GBN] Recebido em ordem DATA seq=3492. ACK=3492
[RUDP-GBN] Recebido em ordem DATA seq=3493. ACK=3493
[RUDP-GBN] Recebido em ordem DATA seq=3494. ACK=3494
[RUDP-GBN] Recebido em ordem DATA seq=3495. ACK=3495
[RUDP-GBN] Recebido em ordem DATA seq=3496. ACK=3496
[RUDP-GBN] Recebido em ordem DATA seq=3497. ACK=3497
[RUDP-GBN] Recebido em ordem DATA seq=3498. ACK=3498
[RUDP-GBN] Recebido em ordem DATA seq=3499. ACK=3499
[RUDP-GBN] Recebido em ordem DATA seq=3500. ACK=3500
[RUDP-GBN] Recebido em ordem DATA seq=3501. ACK=3501
[RUDP-GBN] Recebido em ordem DATA seq=3502. ACK=3502
[RUDP-GBN] Recebido em ordem DATA seq=3503. ACK=3503
[RUDP-GBN] Recebido em ordem DATA seq=3504. ACK=3504
[RUDP-GBN] Recebido em ordem DATA seq=3505. ACK=3505
[RUDP-GBN] Recebido em ordem DATA seq=3506. ACK=3506
[RUDP-GBN] Recebido em ordem DATA seq=3507. ACK=3507
[RUDP-GBN] Recebido em ordem DATA seq=3508. ACK=3508
[RUDP-GBN] Recebido em ordem DATA seq=3509. ACK=3509
[RUDP-GBN] Recebido em ordem DATA seq=3510. ACK=3510
[RUDP-GBN] Recebido em ordem DATA seq=3511. ACK=3511
[RUDP-GBN] Recebido em ordem DATA seq=3512. ACK=3512
[RUDP-GBN] Recebido em ordem DATA seq=3513. ACK=3513
[RUDP-GBN] Recebido em ordem DATA seq=3514. ACK=3514
[RUDP-GBN] Recebido em ordem DATA seq=3515. ACK=3515
[RUDP-GBN] Recebido em ordem DATA seq=3516. ACK=3516
[RUDP-GBN] Recebido em ordem DATA seq=3517. ACK=3517
[RUDP-GBN] Recebido em ordem DATA seq=3518. ACK=3518
[RUDP-GBN] Recebido em ordem DATA seq=3519. ACK=3519
[RUDP-GBN] Recebido em ordem DATA seq=3520. ACK=3520
[RUDP-GBN] Recebido em ordem DATA seq=3521. ACK=3521
[RUDP-GBN] Recebido em ordem DATA seq=3522. ACK=3522
[RUDP-GBN] Recebido em ordem DATA seq=3523. ACK=3523
[RUDP-GBN] Recebido em ordem DATA seq=3524. ACK=3524
[RUDP-GBN] Recebido em ordem DATA seq=3525. ACK=3525
[RUDP-GBN] Recebido em ordem DATA seq=3526. ACK=3526
[RUDP-GBN] Recebido em ordem DATA seq=3527. ACK=3527
[RUDP-GBN] Recebido em ordem DATA seq=3528. ACK=3528
[RUDP-GBN] Recebido em ordem DATA seq=3529. ACK=3529
[RUDP-GBN] Recebido em ordem DATA seq=3530. ACK=3530
[RUDP-GBN] Recebido em ordem DATA seq=3531. ACK=3531
[RUDP-GBN] Recebido em ordem DATA seq=3532. ACK=3532
[RUDP-GBN] Recebido em ordem DATA seq=3533. ACK=3533
[RUDP-GBN] Recebido em ordem DATA seq=3534. ACK=3534
[RUDP-GBN] Recebido em ordem DATA seq=3535. ACK=3535
[RUDP-GBN] Recebido em ordem DATA seq=3536. ACK=3536
[RUDP-GBN] Recebido em ordem DATA seq=3537. ACK=3537
[RUDP-GBN] Recebido em ordem DATA seq=3538. ACK=3538
[RUDP-GBN] Recebido em ordem DATA seq=3539. ACK=3539
[RUDP-GBN] Recebido em ordem DATA seq=3540. ACK=3540
[RUDP-GBN] Recebido em ordem DATA seq=3541. ACK=3541
[RUDP-GBN] Recebido em ordem DATA seq=3542. ACK=3542
[RUDP-GBN] Recebido em ordem DATA seq=3543. ACK=3543
[RUDP-GBN] Recebido em ordem DATA seq=3544. ACK=3544
[RUDP-GBN] Recebido em ordem DATA seq=3545. ACK=3545
[RUDP-GBN] Recebido em ordem DATA seq=3546. ACK=3546
[RUDP-GBN] Recebido em ordem DATA seq=3547. ACK=3547
[RUDP-GBN] Recebido em ordem DATA seq=3548. ACK=3548
[RUDP-GBN] Recebido em ordem DATA seq=3549. ACK=3549
[RUDP-GBN] Recebido em ordem DATA seq=3550. ACK=3550
[RUDP-GBN] Recebido em ordem DATA seq=3551. ACK=3551
[RUDP-GBN] Recebido em ordem DATA seq=3552. ACK=3552
[RUDP-GBN] Recebido em ordem DATA seq=3553. ACK=3553
[RUDP-GBN] Recebido em ordem DATA seq=3554. ACK=3554
[RUDP-GBN] Recebido em ordem DATA seq=3555. ACK=3555
[RUDP-GBN] Recebido em ordem DATA seq=3556. ACK=3556
[RUDP-GBN] Recebido em ordem DATA seq=3557. ACK=3557
[RUDP-GBN] Recebido em ordem DATA seq=3558. ACK=3558
[RUDP-GBN] Recebido em ordem DATA seq=3559. ACK=3559
[RUDP-GBN] Recebido em ordem DATA seq=3560. ACK=3560
[RUDP-GBN] Recebido em ordem DATA seq=3561. ACK=3561
[RUDP-GBN] Recebido em ordem DATA seq=3562. ACK=3562
[RUDP-GBN] Recebido em ordem DATA seq=3563. ACK=3563
[RUDP-GBN] Recebido em ordem DATA seq=3564. ACK=3564
[RUDP-GBN] Recebido em ordem DATA seq=3565. ACK=3565
[RUDP-GBN] Recebido em ordem DATA seq=3566. ACK=3566
[RUDP-GBN] Recebido em ordem DATA seq=3567. ACK=3567
[RUDP-GBN] Recebido em ordem DATA seq=3568. ACK=3568
[RUDP-GBN] Recebido em ordem DATA seq=3569. ACK=3569
[RUDP-GBN] Recebido em ordem DATA seq=3570. ACK=3570
[RUDP-GBN] Recebido em ordem DATA seq=3571. ACK=3571
[RUDP-GBN] Recebido em ordem DATA seq=3572. ACK=3572
[RUDP-GBN] Recebido em ordem DATA seq=3573. ACK=3573
[RUDP-GBN] Recebido em ordem DATA seq=3574. ACK=3574
[RUDP-GBN] Recebido em ordem DATA seq=3575. ACK=3575
[RUDP-GBN] Recebido em ordem DATA seq=3576. ACK=3576
[RUDP-GBN] Recebido em ordem DATA seq=3577. ACK=3577
[RUDP-GBN] Recebido em ordem DATA seq=3578. ACK=3578
[RUDP-GBN] Recebido em ordem DATA seq=3579. ACK=3579
[RUDP-GBN] Recebido em ordem DATA seq=3580. ACK=3580
[RUDP-GBN] Recebido em ordem DATA seq=3581. ACK=3581
[RUDP-GBN] Recebido em ordem DATA seq=3582. ACK=3582
[RUDP-GBN] Recebido em ordem DATA seq=3583. ACK=3583
[RUDP-GBN] Recebido em ordem DATA seq=3584. ACK=3584
[RUDP-GBN] Recebido em ordem DATA seq=3585. ACK=3585
[RUDP-GBN] Recebido em ordem DATA seq=3586. ACK=3586
[RUDP-GBN] Recebido em ordem DATA seq=3587. ACK=3587
[RUDP-GBN] Recebido em ordem DATA seq=3588. ACK=3588
[RUDP-GBN] Recebido em ordem DATA seq=3589. ACK=3589
[RUDP-GBN] Recebido em ordem DATA seq=3590. ACK=3590
[RUDP-GBN] Recebido em ordem DATA seq=3591. ACK=3591
[RUDP-GBN] Recebido em ordem DATA seq=3592. ACK=3592
[RUDP-GBN] Recebido em ordem DATA seq=3593. ACK=3593
[RUDP-GBN] Recebido em ordem DATA seq=3594. ACK=3594
[RUDP-GBN] Recebido em ordem DATA seq=3595. ACK=3595
[RUDP-GBN] Recebido em ordem DATA seq=3596. ACK=3596
[RUDP-GBN] Recebido em ordem DATA seq=3597. ACK=3597
[RUDP-GBN] Recebido em ordem DATA seq=3598. ACK=3598
[RUDP-GBN] Recebido em ordem DATA seq=3599. ACK=3599
[RUDP-GBN] Recebido em ordem DATA seq=3600. ACK=3600
[RUDP-GBN] Recebido em ordem DATA seq=3601. ACK=3601
[RUDP-GBN] Recebido em ordem DATA seq=3602. ACK=3602
[RUDP-GBN] Recebido em ordem DATA seq=3603. ACK=3603
[RUDP-GBN] Recebido em ordem DATA seq=3604. ACK=3604
[RUDP-GBN] Recebido em ordem DATA seq=3605. ACK=3605
[RUDP-GBN] Recebido em ordem DATA seq=3606. ACK=3606
[RUDP-GBN] Recebido em ordem DATA seq=3607. ACK=3607
[RUDP-GBN] Recebido em ordem DATA seq=3608. ACK=3608
[RUDP-GBN] Recebido em ordem DATA seq=3609. ACK=3609
[RUDP-GBN] Recebido em ordem DATA seq=3610. ACK=3610
[RUDP-GBN] Recebido em ordem DATA seq=3611. ACK=3611
[RUDP-GBN] Recebido em ordem DATA seq=3612. ACK=3612
[RUDP-GBN] Recebido em ordem DATA seq=3613. ACK=3613
[RUDP-GBN] Recebido em ordem DATA seq=3614. ACK=3614
[RUDP-GBN] Recebido em ordem DATA seq=3615. ACK=3615
[RUDP-GBN] Recebido em ordem DATA seq=3616. ACK=3616
[RUDP-GBN] Recebido em ordem DATA seq=3617. ACK=3617
[RUDP-GBN] Recebido em ordem DATA seq=3618. ACK=3618
[RUDP-GBN] Recebido em ordem DATA seq=3619. ACK=3619
[RUDP-GBN] Recebido em ordem DATA seq=3620. ACK=3620
[RUDP-GBN] Recebido em ordem DATA seq=3621. ACK=3621
[RUDP-GBN] Recebido em ordem DATA seq=3622. ACK=3622
[RUDP-GBN] Recebido em ordem DATA seq=3623. ACK=3623
[RUDP-GBN] Recebido em ordem DATA seq=3624. ACK=3624
[RUDP-GBN] Recebido em ordem DATA seq=3625. ACK=3625
[RUDP-GBN] Recebido em ordem DATA seq=3626. ACK=3626
[RUDP-GBN] Recebido em ordem DATA seq=3627. ACK=3627
[RUDP-GBN] Recebido em ordem DATA seq=3628. ACK=3628
[RUDP-GBN] Recebido em ordem DATA seq=3629. ACK=3629
[RUDP-GBN] Recebido em ordem DATA seq=3630. ACK=3630
[RUDP-GBN] Recebido em ordem DATA seq=3631. ACK=3631
[RUDP-GBN] Recebido em ordem DATA seq=3632. ACK=3632
[RUDP-GBN] Recebido em ordem DATA seq=3633. ACK=3633
[RUDP-GBN] Recebido em ordem DATA seq=3634. ACK=3634
[RUDP-GBN] Recebido em ordem DATA seq=3635. ACK=3635
[RUDP-GBN] Recebido em ordem DATA seq=3636. ACK=3636
[RUDP-GBN] Recebido em ordem DATA seq=3637. ACK=3637
[RUDP-GBN] Recebido em ordem DATA seq=3638. ACK=3638
[RUDP-GBN] Recebido em ordem DATA seq=3639. ACK=3639
[RUDP-GBN] Recebido em ordem DATA seq=3640. ACK=3640
[RUDP-GBN] Recebido em ordem DATA seq=3641. ACK=3641
[RUDP-GBN] Recebido em ordem DATA seq=3642. ACK=3642
[RUDP-GBN] Recebido em ordem DATA seq=3643. ACK=3643
[RUDP-GBN] Recebido em ordem DATA seq=3644. ACK=3644
[RUDP-GBN] Recebido em ordem DATA seq=3645. ACK=3645
[RUDP-GBN] Recebido em ordem DATA seq=3646. ACK=3646
[RUDP-GBN] Recebido em ordem DATA seq=3647. ACK=3647
[RUDP-GBN] Recebido em ordem DATA seq=3648. ACK=3648
[RUDP-GBN] Recebido em ordem DATA seq=3649. ACK=3649
[RUDP-GBN] Recebido em ordem DATA seq=3650. ACK=3650
[RUDP-GBN] Recebido em ordem DATA seq=3651. ACK=3651
[RUDP-GBN] Recebido em ordem DATA seq=3652. ACK=3652
[RUDP-GBN] Recebido em ordem DATA seq=3653. ACK=3653
[RUDP-GBN] Recebido em ordem DATA seq=3654. ACK=3654
[RUDP-GBN] Recebido em ordem DATA seq=3655. ACK=3655
[RUDP-GBN] Recebido em ordem DATA seq=3656. ACK=3656
[RUDP-GBN] Recebido em ordem DATA seq=3657. ACK=3657
[RUDP-GBN] Recebido em ordem DATA seq=3658. ACK=3658
[RUDP-GBN] Recebido em ordem DATA seq=3659. ACK=3659
[RUDP-GBN] Recebido em ordem DATA seq=3660. ACK=3660
[RUDP-GBN] Recebido em ordem DATA seq=3661. ACK=3661
[RUDP-GBN] Recebido em ordem DATA seq=3662. ACK=3662
[RUDP-GBN] Recebido em ordem DATA seq=3663. ACK=3663
[RUDP-GBN] Recebido em ordem DATA seq=3664. ACK=3664
[RUDP-GBN] Recebido em ordem DATA seq=3665. ACK=3665
[RUDP-GBN] Recebido em ordem DATA seq=3666. ACK=3666
[RUDP-GBN] Recebido em ordem DATA seq=3667. ACK=3667
[RUDP-GBN] Recebido em ordem DATA seq=3668. ACK=3668
[RUDP-GBN] Recebido em ordem DATA seq=3669. ACK=3669
[RUDP-GBN] Recebido em ordem DATA seq=3670. ACK=3670
[RUDP-GBN] Recebido em ordem DATA seq=3671. ACK=3671
[RUDP-GBN] Recebido em ordem DATA seq=3672. ACK=3672
[RUDP-GBN] Recebido em ordem DATA seq=3673. ACK=3673
[RUDP-GBN] Recebido em ordem DATA seq=3674. ACK=3674
[RUDP-GBN] Recebido em ordem DATA seq=3675. ACK=3675
[RUDP-GBN] Recebido em ordem DATA seq=3676. ACK=3676
[RUDP-GBN] Recebido em ordem DATA seq=3677. ACK=3677
[RUDP-GBN] Recebido em ordem DATA seq=3678. ACK=3678
[RUDP-GBN] Recebido em ordem DATA seq=3679. ACK=3679
[RUDP-GBN] Recebido em ordem DATA seq=3680. ACK=3680
[RUDP-GBN] Recebido em ordem DATA seq=3681. ACK=3681
[RUDP-GBN] Recebido em ordem DATA seq=3682. ACK=3682
[RUDP-GBN] Recebido em ordem DATA seq=3683. ACK=3683
[RUDP-GBN] Recebido em ordem DATA seq=3684. ACK=3684
[RUDP-GBN] Recebido em ordem DATA seq=3685. ACK=3685
[RUDP-GBN] Recebido em ordem DATA seq=3686. ACK=3686
[RUDP-GBN] Recebido em ordem DATA seq=3687. ACK=3687
[RUDP-GBN] Recebido em ordem DATA seq=3688. ACK=3688
[RUDP-GBN] Recebido em ordem DATA seq=3689. ACK=3689
[RUDP-GBN] Recebido em ordem DATA seq=3690. ACK=3690
[RUDP-GBN] Recebido em ordem DATA seq=3691. ACK=3691
[RUDP-GBN] Recebido em ordem DATA seq=3692. ACK=3692
[RUDP-GBN] Recebido em ordem DATA seq=3693. ACK=3693
[RUDP-GBN] Recebido em ordem DATA seq=3694. ACK=3694
[RUDP-GBN] Recebido em ordem DATA seq=3695. ACK=3695
[RUDP-GBN] Recebido em ordem DATA seq=3696. ACK=3696
[RUDP-GBN] Recebido em ordem DATA seq=3697. ACK=3697
[RUDP-GBN] Recebido em ordem DATA seq=3698. ACK=3698
[RUDP-GBN] Recebido em ordem DATA seq=3699. ACK=3699
[RUDP-GBN] Recebido em ordem DATA seq=3700. ACK=3700
[RUDP-GBN] Recebido em ordem DATA seq=3701. ACK=3701
[RUDP-GBN] Recebido em ordem DATA seq=3702. ACK=3702
[RUDP-GBN] Recebido em ordem DATA seq=3703. ACK=3703
[RUDP-GBN] Recebido em ordem DATA seq=3704. ACK=3704
[RUDP-GBN] Recebido em ordem DATA seq=3705. ACK=3705
[RUDP-GBN] Recebido em ordem DATA seq=3706. ACK=3706
[RUDP-GBN] Recebido em ordem DATA seq=3707. ACK=3707
[RUDP-GBN] Recebido em ordem DATA seq=3708. ACK=3708
[RUDP-GBN] Recebido em ordem DATA seq=3709. ACK=3709
[RUDP-GBN] Recebido em ordem DATA seq=3710. ACK=3710
[RUDP-GBN] Recebido em ordem DATA seq=3711. ACK=3711
[RUDP-GBN] Recebido em ordem DATA seq=3712. ACK=3712
[RUDP-GBN] Recebido em ordem DATA seq=3713. ACK=3713
[RUDP-GBN] Recebido em ordem DATA seq=3714. ACK=3714
[RUDP-GBN] Recebido em ordem DATA seq=3715. ACK=3715
[RUDP-GBN] Recebido em ordem DATA seq=3716. ACK=3716
[RUDP-GBN] Recebido em ordem DATA seq=3717. ACK=3717
[RUDP-GBN] Recebido em ordem DATA seq=3718. ACK=3718
[RUDP-GBN] Recebido em ordem DATA seq=3719. ACK=3719
[RUDP-GBN] Recebido em ordem DATA seq=3720. ACK=3720
[RUDP-GBN] Recebido em ordem DATA seq=3721. ACK=3721
[RUDP-GBN] Recebido em ordem DATA seq=3722. ACK=3722
[RUDP-GBN] Recebido em ordem DATA seq=3723. ACK=3723
[RUDP-GBN] Recebido em ordem DATA seq=3724. ACK=3724
[RUDP-GBN] Recebido em ordem DATA seq=3725. ACK=3725
[RUDP-GBN] Recebido em ordem DATA seq=3726. ACK=3726
[RUDP-GBN] Recebido em ordem DATA seq=3727. ACK=3727
[RUDP-GBN] Recebido em ordem DATA seq=3728. ACK=3728
[RUDP-GBN] Recebido em ordem DATA seq=3729. ACK=3729
[RUDP-GBN] Recebido em ordem DATA seq=3730. ACK=3730
[RUDP-GBN] Recebido em ordem DATA seq=3731. ACK=3731
[RUDP-GBN] Recebido em ordem DATA seq=3732. ACK=3732
[RUDP-GBN] Recebido em ordem DATA seq=3733. ACK=3733
[RUDP-GBN] Recebido em ordem DATA seq=3734. ACK=3734
[RUDP-GBN] Recebido em ordem DATA seq=3735. ACK=3735
[RUDP-GBN] Recebido em ordem DATA seq=3736. ACK=3736
[RUDP-GBN] Recebido em ordem DATA seq=3737. ACK=3737
[RUDP-GBN] Recebido em ordem DATA seq=3738. ACK=3738
[RUDP-GBN] Recebido em ordem DATA seq=3739. ACK=3739
[RUDP-GBN] Recebido em ordem DATA seq=3740. ACK=3740
[RUDP-GBN] Recebido em ordem DATA seq=3741. ACK=3741
[RUDP-GBN] Recebido em ordem DATA seq=3742. ACK=3742
[RUDP-GBN] Recebido em ordem DATA seq=3743. ACK=3743
[RUDP-GBN] Recebido em ordem DATA seq=3744. ACK=3744
[RUDP-GBN] Recebido em ordem DATA seq=3745. ACK=3745
[RUDP-GBN] Recebido em ordem DATA seq=3746. ACK=3746
[RUDP-GBN] Recebido em ordem DATA seq=3747. ACK=3747
[RUDP-GBN] Recebido em ordem DATA seq=3748. ACK=3748
[RUDP-GBN] Recebido em ordem DATA seq=3749. ACK=3749
[RUDP-GBN] Recebido em ordem DATA seq=3750. ACK=3750
[RUDP-GBN] Recebido em ordem DATA seq=3751. ACK=3751
[RUDP-GBN] Recebido em ordem DATA seq=3752. ACK=3752
[RUDP-GBN] Recebido em ordem DATA seq=3753. ACK=3753
[RUDP-GBN] Recebido em ordem DATA seq=3754. ACK=3754
[RUDP-GBN] Recebido em ordem DATA seq=3755. ACK=3755
[RUDP-GBN] Recebido em ordem DATA seq=3756. ACK=3756
[RUDP-GBN] Recebido em ordem DATA seq=3757. ACK=3757
[RUDP-GBN] Recebido em ordem DATA seq=3758. ACK=3758
[RUDP-GBN] Recebido em ordem DATA seq=3759. ACK=3759
[RUDP-GBN] Recebido em ordem DATA seq=3760. ACK=3760
[RUDP-GBN] Recebido em ordem DATA seq=3761. ACK=3761
[RUDP-GBN] Recebido em ordem DATA seq=3762. ACK=3762
[RUDP-GBN] Recebido em ordem DATA seq=3763. ACK=3763
[RUDP-GBN] Recebido em ordem DATA seq=3764. ACK=3764
[RUDP-GBN] Recebido em ordem DATA seq=3765. ACK=3765
[RUDP-GBN] Recebido em ordem DATA seq=3766. ACK=3766
[RUDP-GBN] Recebido em ordem DATA seq=3767. ACK=3767
[RUDP-GBN] Recebido em ordem DATA seq=3768. ACK=3768
[RUDP-GBN] Recebido em ordem DATA seq=3769. ACK=3769
[RUDP-GBN] Recebido em ordem DATA seq=3770. ACK=3770
[RUDP-GBN] Recebido em ordem DATA seq=3771. ACK=3771
[RUDP-GBN] Recebido em ordem DATA seq=3772. ACK=3772
[RUDP-GBN] Recebido em ordem DATA seq=3773. ACK=3773
[RUDP-GBN] Recebido em ordem DATA seq=3774. ACK=3774
[RUDP-GBN] Recebido em ordem DATA seq=3775. ACK=3775
[RUDP-GBN] Recebido em ordem DATA seq=3776. ACK=3776
[RUDP-GBN] Recebido em ordem DATA seq=3777. ACK=3777
[RUDP-GBN] Recebido em ordem DATA seq=3778. ACK=3778
[RUDP-GBN] Recebido em ordem DATA seq=3779. ACK=3779
[RUDP-GBN] Recebido em ordem DATA seq=3780. ACK=3780
[RUDP-GBN] Recebido em ordem DATA seq=3781. ACK=3781
[RUDP-GBN] Recebido em ordem DATA seq=3782. ACK=3782
[RUDP-GBN] Recebido em ordem DATA seq=3783. ACK=3783
[RUDP-GBN] Recebido em ordem DATA seq=3784. ACK=3784
[RUDP-GBN] Recebido em ordem DATA seq=3785. ACK=3785
[RUDP-GBN] Recebido em ordem DATA seq=3786. ACK=3786
[RUDP-GBN] Recebido em ordem DATA seq=3787. ACK=3787
[RUDP-GBN] Recebido em ordem DATA seq=3788. ACK=3788
[RUDP-GBN] Recebido em ordem DATA seq=3789. ACK=3789
[RUDP-GBN] Recebido em ordem DATA seq=3790. ACK=3790
[RUDP-GBN] Recebido em ordem DATA seq=3791. ACK=3791
[RUDP-GBN] Recebido em ordem DATA seq=3792. ACK=3792
[RUDP-GBN] Recebido em ordem DATA seq=3793. ACK=3793
[RUDP-GBN] Recebido em ordem DATA seq=3794. ACK=3794
[RUDP-GBN] Recebido em ordem DATA seq=3795. ACK=3795
[RUDP-GBN] Recebido em ordem DATA seq=3796. ACK=3796
[RUDP-GBN] Recebido em ordem DATA seq=3797. ACK=3797
[RUDP-GBN] Recebido em ordem DATA seq=3798. ACK=3798
[RUDP-GBN] Recebido em ordem DATA seq=3799. ACK=3799
[RUDP-GBN] Recebido em ordem DATA seq=3800. ACK=3800
[RUDP-GBN] Recebido em ordem DATA seq=3801. ACK=3801
[RUDP-GBN] Recebido em ordem DATA seq=3802. ACK=3802
[RUDP-GBN] Recebido em ordem DATA seq=3803. ACK=3803
[RUDP-GBN] Recebido em ordem DATA seq=3804. ACK=3804
[RUDP-GBN] Recebido em ordem DATA seq=3805. ACK=3805
[RUDP-GBN] Recebido em ordem DATA seq=3806. ACK=3806
[RUDP-GBN] Recebido em ordem DATA seq=3807. ACK=3807
[RUDP-GBN] Recebido em ordem DATA seq=3808. ACK=3808
[RUDP-GBN] Recebido em ordem DATA seq=3809. ACK=3809
[RUDP-GBN] Recebido em ordem DATA seq=3810. ACK=3810
[RUDP-GBN] Recebido em ordem DATA seq=3811. ACK=3811
[RUDP-GBN] Recebido em ordem DATA seq=3812. ACK=3812
[RUDP-GBN] Recebido em ordem DATA seq=3813. ACK=3813
[RUDP-GBN] Recebido em ordem DATA seq=3814. ACK=3814
[RUDP-GBN] Recebido em ordem DATA seq=3815. ACK=3815
[RUDP-GBN] Recebido em ordem DATA seq=3816. ACK=3816
[RUDP-GBN] Recebido em ordem DATA seq=3817. ACK=3817
[RUDP-GBN] Recebido em ordem DATA seq=3818. ACK=3818
[RUDP-GBN] Recebido em ordem DATA seq=3819. ACK=3819
[RUDP-GBN] Recebido em ordem DATA seq=3820. ACK=3820
[RUDP-GBN] Recebido em ordem DATA seq=3821. ACK=3821
[RUDP-GBN] Recebido em ordem DATA seq=3822. ACK=3822
[RUDP-GBN] Recebido em ordem DATA seq=3823. ACK=3823
[RUDP-GBN] Recebido em ordem DATA seq=3824. ACK=3824
[RUDP-GBN] Recebido em ordem DATA seq=3825. ACK=3825
[RUDP-GBN] Recebido em ordem DATA seq=3826. ACK=3826
[RUDP-GBN] Recebido em ordem DATA seq=3827. ACK=3827
[RUDP-GBN] Recebido em ordem DATA seq=3828. ACK=3828
[RUDP-GBN] Recebido em ordem DATA seq=3829. ACK=3829
[RUDP-GBN] Recebido em ordem DATA seq=3830. ACK=3830
[RUDP-GBN] Recebido em ordem DATA seq=3831. ACK=3831
[RUDP-GBN] Recebido em ordem DATA seq=3832. ACK=3832
[RUDP-GBN] Recebido em ordem DATA seq=3833. ACK=3833
[RUDP-GBN] Recebido em ordem DATA seq=3834. ACK=3834
[RUDP-GBN] Recebido em ordem DATA seq=3835. ACK=3835
[RUDP-GBN] Recebido em ordem DATA seq=3836. ACK=3836
[RUDP-GBN] Recebido em ordem DATA seq=3837. ACK=3837
[RUDP-GBN] Recebido em ordem DATA seq=3838. ACK=3838
[RUDP-GBN] Recebido em ordem DATA seq=3839. ACK=3839
[RUDP-GBN] Recebido em ordem DATA seq=3840. ACK=3840
[RUDP-GBN] Recebido em ordem DATA seq=3841. ACK=3841
[RUDP-GBN] Recebido em ordem DATA seq=3842. ACK=3842
[RUDP-GBN] Recebido em ordem DATA seq=3843. ACK=3843
[RUDP-GBN] Recebido em ordem DATA seq=3844. ACK=3844
[RUDP-GBN] Recebido em ordem DATA seq=3845. ACK=3845
[RUDP-GBN] Recebido em ordem DATA seq=3846. ACK=3846
[RUDP-GBN] Recebido em ordem DATA seq=3847. ACK=3847
[RUDP-GBN] Recebido em ordem DATA seq=3848. ACK=3848
[RUDP-GBN] Recebido em ordem DATA seq=3849. ACK=3849
[RUDP-GBN] Recebido em ordem DATA seq=3850. ACK=3850
[RUDP-GBN] Recebido em ordem DATA seq=3851. ACK=3851
[RUDP-GBN] Recebido em ordem DATA seq=3852. ACK=3852
[RUDP-GBN] Recebido em ordem DATA seq=3853. ACK=3853
[RUDP-GBN] Recebido em ordem DATA seq=3854. ACK=3854
[RUDP-GBN] Recebido em ordem DATA seq=3855. ACK=3855
[RUDP-GBN] Recebido em ordem DATA seq=3856. ACK=3856
[RUDP-GBN] Recebido em ordem DATA seq=3857. ACK=3857
[RUDP-GBN] Recebido em ordem DATA seq=3858. ACK=3858
[RUDP-GBN] Recebido em ordem DATA seq=3859. ACK=3859
[RUDP-GBN] Recebido em ordem DATA seq=3860. ACK=3860
[RUDP-GBN] Recebido em ordem DATA seq=3861. ACK=3861
[RUDP-GBN] Recebido em ordem DATA seq=3862. ACK=3862
[RUDP-GBN] Recebido em ordem DATA seq=3863. ACK=3863
[RUDP-GBN] Recebido em ordem DATA seq=3864. ACK=3864
[RUDP-GBN] Recebido em ordem DATA seq=3865. ACK=3865
[RUDP-GBN] Recebido em ordem DATA seq=3866. ACK=3866
[RUDP-GBN] Recebido em ordem DATA seq=3867. ACK=3867
[RUDP-GBN] Recebido em ordem DATA seq=3868. ACK=3868
[RUDP-GBN] Recebido em ordem DATA seq=3869. ACK=3869
[RUDP-GBN] Recebido em ordem DATA seq=3870. ACK=3870
[RUDP-GBN] Recebido em ordem DATA seq=3871. ACK=3871
[RUDP-GBN] Recebido em ordem DATA seq=3872. ACK=3872
[RUDP-GBN] Recebido em ordem DATA seq=3873. ACK=3873
[RUDP-GBN] Recebido em ordem DATA seq=3874. ACK=3874
[RUDP-GBN] Recebido em ordem DATA seq=3875. ACK=3875
[RUDP-GBN] Recebido em ordem DATA seq=3876. ACK=3876
[RUDP-GBN] Recebido em ordem DATA seq=3877. ACK=3877
[RUDP-GBN] Recebido em ordem DATA seq=3878. ACK=3878
[RUDP-GBN] Recebido em ordem DATA seq=3879. ACK=3879
[RUDP-GBN] Recebido em ordem DATA seq=3880. ACK=3880
[RUDP-GBN] Recebido em ordem DATA seq=3881. ACK=3881
[RUDP-GBN] Recebido em ordem DATA seq=3882. ACK=3882
[RUDP-GBN] Recebido em ordem DATA seq=3883. ACK=3883
[RUDP-GBN] Recebido em ordem DATA seq=3884. ACK=3884
[RUDP-GBN] Recebido em ordem DATA seq=3885. ACK=3885
[RUDP-GBN] Recebido em ordem DATA seq=3886. ACK=3886
[RUDP-GBN] Recebido em ordem DATA seq=3887. ACK=3887
[RUDP-GBN] Recebido em ordem DATA seq=3888. ACK=3888
[RUDP-GBN] Recebido em ordem DATA seq=3889. ACK=3889
[RUDP-GBN] Recebido em ordem DATA seq=3890. ACK=3890
[RUDP-GBN] Recebido em ordem DATA seq=3891. ACK=3891
[RUDP-GBN] Recebido em ordem DATA seq=3892. ACK=3892
[RUDP-GBN] Recebido em ordem DATA seq=3893. ACK=3893
[RUDP-GBN] Recebido em ordem DATA seq=3894. ACK=3894
[RUDP-GBN] Recebido em ordem DATA seq=3895. ACK=3895
[RUDP-GBN] Recebido em ordem DATA seq=3896. ACK=3896
[RUDP-GBN] Recebido em ordem DATA seq=3897. ACK=3897
[RUDP-GBN] Recebido em ordem DATA seq=3898. ACK=3898
[RUDP-GBN] Recebido em ordem DATA seq=3899. ACK=3899
[RUDP-GBN] Recebido em ordem DATA seq=3900. ACK=3900
[RUDP-GBN] Recebido em ordem DATA seq=3901. ACK=3901
[RUDP-GBN] Recebido em ordem DATA seq=3902. ACK=3902
[RUDP-GBN] Recebido em ordem DATA seq=3903. ACK=3903
[RUDP-GBN] Recebido em ordem DATA seq=3904. ACK=3904
[RUDP-GBN] Recebido em ordem DATA seq=3905. ACK=3905
[RUDP-GBN] Recebido em ordem DATA seq=3906. ACK=3906
[RUDP-GBN] Recebido em ordem DATA seq=3907. ACK=3907
[RUDP-GBN] Recebido em ordem DATA seq=3908. ACK=3908
[RUDP-GBN] Recebido em ordem DATA seq=3909. ACK=3909
[RUDP-GBN] Recebido em ordem DATA seq=3910. ACK=3910
[RUDP-GBN] Recebido em ordem DATA seq=3911. ACK=3911
[RUDP-GBN] Recebido em ordem DATA seq=3912. ACK=3912
[RUDP-GBN] Recebido em ordem DATA seq=3913. ACK=3913
[RUDP-GBN] Recebido em ordem DATA seq=3914. ACK=3914
[RUDP-GBN] Recebido em ordem DATA seq=3915. ACK=3915
[RUDP-GBN] Recebido em ordem DATA seq=3916. ACK=3916
[RUDP-GBN] Recebido em ordem DATA seq=3917. ACK=3917
[RUDP-GBN] Recebido em ordem DATA seq=3918. ACK=3918
[RUDP-GBN] Recebido em ordem DATA seq=3919. ACK=3919
[RUDP-GBN] Recebido em ordem DATA seq=3920. ACK=3920
[RUDP-GBN] Recebido em ordem DATA seq=3921. ACK=3921
[RUDP-GBN] Recebido em ordem DATA seq=3922. ACK=3922
[RUDP-GBN] Recebido em ordem DATA seq=3923. ACK=3923
[RUDP-GBN] Recebido em ordem DATA seq=3924. ACK=3924
[RUDP-GBN] Recebido em ordem DATA seq=3925. ACK=3925
[RUDP-GBN] Recebido em ordem DATA seq=3926. ACK=3926
[RUDP-GBN] Recebido em ordem DATA seq=3927. ACK=3927
[RUDP-GBN] Recebido em ordem DATA seq=3928. ACK=3928
[RUDP-GBN] Recebido em ordem DATA seq=3929. ACK=3929
[RUDP-GBN] Recebido em ordem DATA seq=3930. ACK=3930
[RUDP-GBN] Recebido em ordem DATA seq=3931. ACK=3931
[RUDP-GBN] Recebido em ordem DATA seq=3932. ACK=3932
[RUDP-GBN] Recebido em ordem DATA seq=3933. ACK=3933
[RUDP-GBN] Recebido em ordem DATA seq=3934. ACK=3934
[RUDP-GBN] Recebido em ordem DATA seq=3935. ACK=3935
[RUDP-GBN] Recebido em ordem DATA seq=3936. ACK=3936
[RUDP-GBN] Recebido em ordem DATA seq=3937. ACK=3937
[RUDP-GBN] Recebido em ordem DATA seq=3938. ACK=3938
[RUDP-GBN] Recebido em ordem DATA seq=3939. ACK=3939
[RUDP-GBN] Recebido em ordem DATA seq=3940. ACK=3940
[RUDP-GBN] Recebido em ordem DATA seq=3941. ACK=3941
[RUDP-GBN] Recebido em ordem DATA seq=3942. ACK=3942
[RUDP-GBN] Recebido em ordem DATA seq=3943. ACK=3943
[RUDP-GBN] Recebido em ordem DATA seq=3944. ACK=3944
[RUDP-GBN] Recebido em ordem DATA seq=3945. ACK=3945
[RUDP-GBN] Recebido em ordem DATA seq=3946. ACK=3946
[RUDP-GBN] Recebido em ordem DATA seq=3947. ACK=3947
[RUDP-GBN] Recebido em ordem DATA seq=3948. ACK=3948
[RUDP-GBN] Recebido em ordem DATA seq=3949. ACK=3949
[RUDP-GBN] Recebido em ordem DATA seq=3950. ACK=3950
[RUDP-GBN] Recebido em ordem DATA seq=3951. ACK=3951
[RUDP-GBN] Recebido em ordem DATA seq=3952. ACK=3952
[RUDP-GBN] Recebido em ordem DATA seq=3953. ACK=3953
[RUDP-GBN] Recebido em ordem DATA seq=3954. ACK=3954
[RUDP-GBN] Recebido em ordem DATA seq=3955. ACK=3955
[RUDP-GBN] Recebido em ordem DATA seq=3956. ACK=3956
[RUDP-GBN] Recebido em ordem DATA seq=3957. ACK=3957
[RUDP-GBN] Recebido em ordem DATA seq=3958. ACK=3958
[RUDP-GBN] Recebido em ordem DATA seq=3959. ACK=3959
[RUDP-GBN] Recebido em ordem DATA seq=3960. ACK=3960
[RUDP-GBN] Recebido em ordem DATA seq=3961. ACK=3961
[RUDP-GBN] Recebido em ordem DATA seq=3962. ACK=3962
[RUDP-GBN] Recebido em ordem DATA seq=3963. ACK=3963
[RUDP-GBN] Recebido em ordem DATA seq=3964. ACK=3964
[RUDP-GBN] Recebido em ordem DATA seq=3965. ACK=3965
[RUDP-GBN] Recebido em ordem DATA seq=3966. ACK=3966
[RUDP-GBN] Recebido em ordem DATA seq=3967. ACK=3967
[RUDP-GBN] Recebido em ordem DATA seq=3968. ACK=3968
[RUDP-GBN] Recebido em ordem DATA seq=3969. ACK=3969
[RUDP-GBN] Recebido em ordem DATA seq=3970. ACK=3970
[RUDP-GBN] Recebido em ordem DATA seq=3971. ACK=3971
[RUDP-GBN] Recebido em ordem DATA seq=3972. ACK=3972
[RUDP-GBN] Recebido em ordem DATA seq=3973. ACK=3973
[RUDP-GBN] Recebido em ordem DATA seq=3974. ACK=3974
[RUDP-GBN] Recebido em ordem DATA seq=3975. ACK=3975
[RUDP-GBN] Recebido em ordem DATA seq=3976. ACK=3976
[RUDP-GBN] Recebido em ordem DATA seq=3977. ACK=3977
[RUDP-GBN] Recebido em ordem DATA seq=3978. ACK=3978
[RUDP-GBN] Recebido em ordem DATA seq=3979. ACK=3979
[RUDP-GBN] Recebido em ordem DATA seq=3980. ACK=3980
[RUDP-GBN] Recebido em ordem DATA seq=3981. ACK=3981
[RUDP-GBN] Recebido em ordem DATA seq=3982. ACK=3982
[RUDP-GBN] Recebido em ordem DATA seq=3983. ACK=3983
[RUDP-GBN] Recebido em ordem DATA seq=3984. ACK=3984
[RUDP-GBN] Recebido em ordem DATA seq=3985. ACK=3985
[RUDP-GBN] Recebido em ordem DATA seq=3986. ACK=3986
[RUDP-GBN] Recebido em ordem DATA seq=3987. ACK=3987
[RUDP-GBN] Recebido em ordem DATA seq=3988. ACK=3988
[RUDP-GBN] Recebido em ordem DATA seq=3989. ACK=3989
[RUDP-GBN] Recebido em ordem DATA seq=3990. ACK=3990
[RUDP-GBN] Recebido em ordem DATA seq=3991. ACK=3991
[RUDP-GBN] Recebido em ordem DATA seq=3992. ACK=3992
[RUDP-GBN] Recebido em ordem DATA seq=3993. ACK=3993
[RUDP-GBN] Recebido em ordem DATA seq=3994. ACK=3994
[RUDP-GBN] Recebido em ordem DATA seq=3995. ACK=3995
[RUDP-GBN] Recebido em ordem DATA seq=3996. ACK=3996
[RUDP-GBN] Recebido em ordem DATA seq=3997. ACK=3997
[RUDP-GBN] Recebido em ordem DATA seq=3998. ACK=3998
[RUDP-GBN] Recebido em ordem DATA seq=3999. ACK=3999
[RUDP-GBN] Recebido em ordem DATA seq=4000. ACK=4000
[RUDP-GBN] Recebido em ordem DATA seq=4001. ACK=4001
[RUDP-GBN] Recebido em ordem DATA seq=4002. ACK=4002
[RUDP-GBN] Recebido em ordem DATA seq=4003. ACK=4003
[RUDP-GBN] Recebido em ordem DATA seq=4004. ACK=4004
[RUDP-GBN] Recebido em ordem DATA seq=4005. ACK=4005
[RUDP-GBN] Recebido em ordem DATA seq=4006. ACK=4006
[RUDP-GBN] Recebido em ordem DATA seq=4007. ACK=4007
[RUDP-GBN] Recebido em ordem DATA seq=4008. ACK=4008
[RUDP-GBN] Recebido em ordem DATA seq=4009. ACK=4009
[RUDP-GBN] Recebido em ordem DATA seq=4010. ACK=4010
[RUDP-GBN] Recebido em ordem DATA seq=4011. ACK=4011
[RUDP-GBN] Recebido em ordem DATA seq=4012. ACK=4012
[RUDP-GBN] Recebido em ordem DATA seq=4013. ACK=4013
[RUDP-GBN] Recebido em ordem DATA seq=4014. ACK=4014
[RUDP-GBN] Recebido em ordem DATA seq=4015. ACK=4015
[RUDP-GBN] Recebido em ordem DATA seq=4016. ACK=4016
[RUDP-GBN] Recebido em ordem DATA seq=4017. ACK=4017
[RUDP-GBN] Recebido em ordem DATA seq=4018. ACK=4018
[RUDP-GBN] Recebido em ordem DATA seq=4019. ACK=4019
[RUDP-GBN] Recebido em ordem DATA seq=4020. ACK=4020
[RUDP-GBN] Recebido em ordem DATA seq=4021. ACK=4021
[RUDP-GBN] Recebido em ordem DATA seq=4022. ACK=4022
[RUDP-GBN] Recebido em ordem DATA seq=4023. ACK=4023
[RUDP-GBN] Recebido em ordem DATA seq=4024. ACK=4024
[RUDP-GBN] Recebido em ordem DATA seq=4025. ACK=4025
[RUDP-GBN] Recebido em ordem DATA seq=4026. ACK=4026
[RUDP-GBN] Recebido em ordem DATA seq=4027. ACK=4027
[RUDP-GBN] Recebido em ordem DATA seq=4028. ACK=4028
[RUDP-GBN] Recebido em ordem DATA seq=4029. ACK=4029
[RUDP-GBN] Recebido em ordem DATA seq=4030. ACK=4030
[RUDP-GBN] Recebido em ordem DATA seq=4031. ACK=4031
[RUDP-GBN] Recebido em ordem DATA seq=4032. ACK=4032
[RUDP-GBN] Recebido em ordem DATA seq=4033. ACK=4033
[RUDP-GBN] Recebido em ordem DATA seq=4034. ACK=4034
[RUDP-GBN] Recebido em ordem DATA seq=4035. ACK=4035
[RUDP-GBN] Recebido em ordem DATA seq=4036. ACK=4036
[RUDP-GBN] Recebido em ordem DATA seq=4037. ACK=4037
[RUDP-GBN] Recebido em ordem DATA seq=4038. ACK=4038
[RUDP-GBN] Recebido em ordem DATA seq=4039. ACK=4039
[RUDP-GBN] Recebido em ordem DATA seq=4040. ACK=4040
[RUDP-GBN] Recebido em ordem DATA seq=4041. ACK=4041
[RUDP-GBN] Recebido em ordem DATA seq=4042. ACK=4042
[RUDP-GBN] Recebido em ordem DATA seq=4043. ACK=4043
[RUDP-GBN] Recebido em ordem DATA seq=4044. ACK=4044
[RUDP-GBN] Recebido em ordem DATA seq=4045. ACK=4045
[RUDP-GBN] Recebido em ordem DATA seq=4046. ACK=4046
[RUDP-GBN] Recebido em ordem DATA seq=4047. ACK=4047
[RUDP-GBN] Recebido em ordem DATA seq=4048. ACK=4048
[RUDP-GBN] Recebido em ordem DATA seq=4049. ACK=4049
[RUDP-GBN] Recebido em ordem DATA seq=4050. ACK=4050
[RUDP-GBN] Recebido em ordem DATA seq=4051. ACK=4051
[RUDP-GBN] Recebido em ordem DATA seq=4052. ACK=4052
[RUDP-GBN] Recebido em ordem DATA seq=4053. ACK=4053
[RUDP-GBN] Recebido em ordem DATA seq=4054. ACK=4054
[RUDP-GBN] Recebido em ordem DATA seq=4055. ACK=4055
[RUDP-GBN] Recebido em ordem DATA seq=4056. ACK=4056
[RUDP-GBN] Recebido em ordem DATA seq=4057. ACK=4057
[RUDP-GBN] Recebido em ordem DATA seq=4058. ACK=4058
[RUDP-GBN] Recebido em ordem DATA seq=4059. ACK=4059
[RUDP-GBN] Recebido em ordem DATA seq=4060. ACK=4060
[RUDP-GBN] Recebido em ordem DATA seq=4061. ACK=4061
[RUDP-GBN] Recebido em ordem DATA seq=4062. ACK=4062
[RUDP-GBN] Recebido em ordem DATA seq=4063. ACK=4063
[RUDP-GBN] Recebido em ordem DATA seq=4064. ACK=4064
[RUDP-GBN] Recebido em ordem DATA seq=4065. ACK=4065
[RUDP-GBN] Recebido em ordem DATA seq=4066. ACK=4066
[RUDP-GBN] Recebido em ordem DATA seq=4067. ACK=4067
[RUDP-GBN] Recebido em ordem DATA seq=4068. ACK=4068
[RUDP-GBN] Recebido em ordem DATA seq=4069. ACK=4069
[RUDP-GBN] Recebido em ordem DATA seq=4070. ACK=4070
[RUDP-GBN] Recebido em ordem DATA seq=4071. ACK=4071
[RUDP-GBN] Recebido em ordem DATA seq=4072. ACK=4072
[RUDP-GBN] Recebido em ordem DATA seq=4073. ACK=4073
[RUDP-GBN] Recebido em ordem DATA seq=4074. ACK=4074
[RUDP-GBN] Recebido em ordem DATA seq=4075. ACK=4075
[RUDP-GBN] Recebido em ordem DATA seq=4076. ACK=4076
[RUDP-GBN] Recebido em ordem DATA seq=4077. ACK=4077
[RUDP-GBN] Recebido em ordem DATA seq=4078. ACK=4078
[RUDP-GBN] Recebido em ordem DATA seq=4079. ACK=4079
[RUDP-GBN] Recebido em ordem DATA seq=4080. ACK=4080
[RUDP-GBN] Recebido em ordem DATA seq=4081. ACK=4081
[RUDP-GBN] Recebido em ordem DATA seq=4082. ACK=4082
[RUDP-GBN] Recebido em ordem DATA seq=4083. ACK=4083
[RUDP-GBN] Recebido em ordem DATA seq=4084. ACK=4084
[RUDP-GBN] Recebido em ordem DATA seq=4085. ACK=4085
[RUDP-GBN] Recebido em ordem DATA seq=4086. ACK=4086
[RUDP-GBN] Recebido em ordem DATA seq=4087. ACK=4087
[RUDP-GBN] Recebido em ordem DATA seq=4088. ACK=4088
[RUDP-GBN] Recebido em ordem DATA seq=4089. ACK=4089
[RUDP-GBN] Recebido em ordem DATA seq=4090. ACK=4090
[RUDP-GBN] Recebido em ordem DATA seq=4091. ACK=4091
[RUDP-GBN] Recebido em ordem DATA seq=4092. ACK=4092
[RUDP-GBN] Recebido em ordem DATA seq=4093. ACK=4093
[RUDP-GBN] Recebido em ordem DATA seq=4094. ACK=4094
[RUDP-GBN] Recebido em ordem DATA seq=4095. ACK=4095
[RUDP-GBN] Recebido em ordem DATA seq=4096. ACK=4096
[RUDP-GBN] Recebido em ordem DATA seq=4097. ACK=4097
[RUDP-GBN] Recebido em ordem DATA seq=4098. ACK=4098
[RUDP-GBN] Recebido em ordem DATA seq=4099. ACK=4099
[RUDP-GBN] Recebido em ordem DATA seq=4100. ACK=4100
[RUDP-GBN] Recebido em ordem DATA seq=4101. ACK=4101
[RUDP-GBN] Recebido em ordem DATA seq=4102. ACK=4102
[RUDP-GBN] Recebido em ordem DATA seq=4103. ACK=4103
[RUDP-GBN] Recebido em ordem DATA seq=4104. ACK=4104
[RUDP-GBN] Recebido em ordem DATA seq=4105. ACK=4105
[RUDP-GBN] Recebido em ordem DATA seq=4106. ACK=4106
[RUDP-GBN] Recebido em ordem DATA seq=4107. ACK=4107
[RUDP-GBN] Recebido em ordem DATA seq=4108. ACK=4108
[RUDP-GBN] Recebido em ordem DATA seq=4109. ACK=4109
[RUDP-GBN] Recebido em ordem DATA seq=4110. ACK=4110
[RUDP-GBN] Recebido em ordem DATA seq=4111. ACK=4111
[RUDP-GBN] Recebido em ordem DATA seq=4112. ACK=4112
[RUDP-GBN] Recebido em ordem DATA seq=4113. ACK=4113
[RUDP-GBN] Recebido em ordem DATA seq=4114. ACK=4114
[RUDP-GBN] Recebido em ordem DATA seq=4115. ACK=4115
[RUDP-GBN] Recebido em ordem DATA seq=4116. ACK=4116
[RUDP-GBN] Recebido em ordem DATA seq=4117. ACK=4117
[RUDP-GBN] Recebido em ordem DATA seq=4118. ACK=4118
[RUDP-GBN] Recebido em ordem DATA seq=4119. ACK=4119
[RUDP-GBN] Recebido em ordem DATA seq=4120. ACK=4120
[RUDP-GBN] Recebido em ordem DATA seq=4121. ACK=4121
[RUDP-GBN] Recebido em ordem DATA seq=4122. ACK=4122
[RUDP-GBN] Recebido em ordem DATA seq=4123. ACK=4123
[RUDP-GBN] Recebido em ordem DATA seq=4124. ACK=4124
[RUDP-GBN] Recebido em ordem DATA seq=4125. ACK=4125
[RUDP-GBN] Recebido em ordem DATA seq=4126. ACK=4126
[RUDP-GBN] Recebido em ordem DATA seq=4127. ACK=4127
[RUDP-GBN] Recebido em ordem DATA seq=4128. ACK=4128
[RUDP-GBN] Recebido em ordem DATA seq=4129. ACK=4129
[RUDP-GBN] Recebido em ordem DATA seq=4130. ACK=4130
[RUDP-GBN] Recebido em ordem DATA seq=4131. ACK=4131
[RUDP-GBN] Recebido em ordem DATA seq=4132. ACK=4132
[RUDP-GBN] Recebido em ordem DATA seq=4133. ACK=4133
[RUDP-GBN] Recebido em ordem DATA seq=4134. ACK=4134
[RUDP-GBN] Recebido em ordem DATA seq=4135. ACK=4135
[RUDP-GBN] Recebido em ordem DATA seq=4136. ACK=4136
[RUDP-GBN] Recebido em ordem DATA seq=4137. ACK=4137
[RUDP-GBN] Recebido em ordem DATA seq=4138. ACK=4138
[RUDP-GBN] Recebido em ordem DATA seq=4139. ACK=4139
[RUDP-GBN] Recebido em ordem DATA seq=4140. ACK=4140
[RUDP-GBN] Recebido em ordem DATA seq=4141. ACK=4141
[RUDP-GBN] Recebido em ordem DATA seq=4142. ACK=4142
[RUDP-GBN] Recebido em ordem DATA seq=4143. ACK=4143
[RUDP-GBN] Recebido em ordem DATA seq=4144. ACK=4144
[RUDP-GBN] Recebido em ordem DATA seq=4145. ACK=4145
[RUDP-GBN] Recebido em ordem DATA seq=4146. ACK=4146
[RUDP-GBN] Recebido em ordem DATA seq=4147. ACK=4147
[RUDP-GBN] Recebido em ordem DATA seq=4148. ACK=4148
[RUDP-GBN] Recebido em ordem DATA seq=4149. ACK=4149
[RUDP-GBN] Recebido em ordem DATA seq=4150. ACK=4150
[RUDP-GBN] Recebido em ordem DATA seq=4151. ACK=4151
[RUDP-GBN] Recebido em ordem DATA seq=4152. ACK=4152
[RUDP-GBN] Recebido em ordem DATA seq=4153. ACK=4153
[RUDP-GBN] Recebido em ordem DATA seq=4154. ACK=4154
[RUDP-GBN] Recebido em ordem DATA seq=4155. ACK=4155
[RUDP-GBN] Recebido em ordem DATA seq=4156. ACK=4156
[RUDP-GBN] Recebido em ordem DATA seq=4157. ACK=4157
[RUDP-GBN] Recebido em ordem DATA seq=4158. ACK=4158
[RUDP-GBN] Recebido em ordem DATA seq=4159. ACK=4159
[RUDP-GBN] Recebido em ordem DATA seq=4160. ACK=4160
[RUDP-GBN] Recebido em ordem DATA seq=4161. ACK=4161
[RUDP-GBN] Recebido em ordem DATA seq=4162. ACK=4162
[RUDP-GBN] Recebido em ordem DATA seq=4163. ACK=4163
[RUDP-GBN] Recebido em ordem DATA seq=4164. ACK=4164
[RUDP-GBN] Recebido em ordem DATA seq=4165. ACK=4165
[RUDP-GBN] Recebido em ordem DATA seq=4166. ACK=4166
[RUDP-GBN] Recebido em ordem DATA seq=4167. ACK=4167
[RUDP-GBN] Recebido em ordem DATA seq=4168. ACK=4168
[RUDP-GBN] Recebido em ordem DATA seq=4169. ACK=4169
[RUDP-GBN] Recebido em ordem DATA seq=4170. ACK=4170
[RUDP-GBN] Recebido em ordem DATA seq=4171. ACK=4171
[RUDP-GBN] Recebido em ordem DATA seq=4172. ACK=4172
[RUDP-GBN] Recebido em ordem DATA seq=4173. ACK=4173
[RUDP-GBN] Recebido em ordem DATA seq=4174. ACK=4174
[RUDP-GBN] Recebido em ordem DATA seq=4175. ACK=4175
[RUDP-GBN] Recebido em ordem DATA seq=4176. ACK=4176
[RUDP-GBN] Recebido em ordem DATA seq=4177. ACK=4177
[RUDP-GBN] Recebido em ordem DATA seq=4178. ACK=4178
[RUDP-GBN] Recebido em ordem DATA seq=4179. ACK=4179
[RUDP-GBN] Recebido em ordem DATA seq=4180. ACK=4180
[RUDP-GBN] Recebido em ordem DATA seq=4181. ACK=4181
[RUDP-GBN] Recebido em ordem DATA seq=4182. ACK=4182
[RUDP-GBN] Recebido em ordem DATA seq=4183. ACK=4183
[RUDP-GBN] Recebido em ordem DATA seq=4184. ACK=4184
[RUDP-GBN] Recebido em ordem DATA seq=4185. ACK=4185
[RUDP-GBN] Recebido em ordem DATA seq=4186. ACK=4186
[RUDP-GBN] Recebido em ordem DATA seq=4187. ACK=4187
[RUDP-GBN] Recebido em ordem DATA seq=4188. ACK=4188
[RUDP-GBN] Recebido em ordem DATA seq=4189. ACK=4189
[RUDP-GBN] Recebido em ordem DATA seq=4190. ACK=4190
[RUDP-GBN] Recebido em ordem DATA seq=4191. ACK=4191
[RUDP-GBN] Recebido em ordem DATA seq=4192. ACK=4192
[RUDP-GBN] Recebido em ordem DATA seq=4193. ACK=4193
[RUDP-GBN] Recebido em ordem DATA seq=4194. ACK=4194
[RUDP-GBN] Recebido em ordem DATA seq=4195. ACK=4195
[RUDP-GBN] Recebido em ordem DATA seq=4196. ACK=4196
[RUDP-GBN] Recebido em ordem DATA seq=4197. ACK=4197
[RUDP-GBN] Recebido em ordem DATA seq=4198. ACK=4198
[RUDP-GBN] Recebido em ordem DATA seq=4199. ACK=4199
[RUDP-GBN] Recebido em ordem DATA seq=4200. ACK=4200
[RUDP-GBN] Recebido em ordem DATA seq=4201. ACK=4201
[RUDP-GBN] Recebido em ordem DATA seq=4202. ACK=4202
[RUDP-GBN] Recebido em ordem DATA seq=4203. ACK=4203
[RUDP-GBN] Recebido em ordem DATA seq=4204. ACK=4204
[RUDP-GBN] Recebido em ordem DATA seq=4205. ACK=4205
[RUDP-GBN] Recebido em ordem DATA seq=4206. ACK=4206
[RUDP-GBN] Recebido em ordem DATA seq=4207. ACK=4207
[RUDP-GBN] Recebido em ordem DATA seq=4208. ACK=4208
[RUDP-GBN] Recebido em ordem DATA seq=4209. ACK=4209
[RUDP-GBN] Recebido em ordem DATA seq=4210. ACK=4210
[RUDP-GBN] Recebido em ordem DATA seq=4211. ACK=4211
[RUDP-GBN] Recebido em ordem DATA seq=4212. ACK=4212
[RUDP-GBN] Recebido em ordem DATA seq=4213. ACK=4213
[RUDP-GBN] Recebido em ordem DATA seq=4214. ACK=4214
[RUDP-GBN] Recebido em ordem DATA seq=4215. ACK=4215
[RUDP-GBN] Recebido em ordem DATA seq=4216. ACK=4216
[RUDP-GBN] Recebido em ordem DATA seq=4217. ACK=4217
[RUDP-GBN] Recebido em ordem DATA seq=4218. ACK=4218
[RUDP-GBN] Recebido em ordem DATA seq=4219. ACK=4219
[RUDP-GBN] Recebido em ordem DATA seq=4220. ACK=4220
[RUDP-GBN] Recebido em ordem DATA seq=4221. ACK=4221
[RUDP-GBN] Recebido em ordem DATA seq=4222. ACK=4222
[RUDP-GBN] Recebido em ordem DATA seq=4223. ACK=4223
[RUDP-GBN] Recebido em ordem DATA seq=4224. ACK=4224
[RUDP-GBN] Recebido em ordem DATA seq=4225. ACK=4225
[RUDP-GBN] Recebido em ordem DATA seq=4226. ACK=4226
[RUDP-GBN] Recebido em ordem DATA seq=4227. ACK=4227
[RUDP-GBN] Recebido em ordem DATA seq=4228. ACK=4228
[RUDP-GBN] Recebido em ordem DATA seq=4229. ACK=4229
[RUDP-GBN] Recebido em ordem DATA seq=4230. ACK=4230
[RUDP-GBN] Recebido em ordem DATA seq=4231. ACK=4231
[RUDP-GBN] Recebido em ordem DATA seq=4232. ACK=4232
[RUDP-GBN] Recebido em ordem DATA seq=4233. ACK=4233
[RUDP-GBN] Recebido em ordem DATA seq=4234. ACK=4234
[RUDP-GBN] Recebido em ordem DATA seq=4235. ACK=4235
[RUDP-GBN] Recebido em ordem DATA seq=4236. ACK=4236
[RUDP-GBN] Recebido em ordem DATA seq=4237. ACK=4237
[RUDP-GBN] Recebido em ordem DATA seq=4238. ACK=4238
[RUDP-GBN] Recebido em ordem DATA seq=4239. ACK=4239
[RUDP-GBN] Recebido em ordem DATA seq=4240. ACK=4240
[RUDP-GBN] Recebido em ordem DATA seq=4241. ACK=4241
[RUDP-GBN] Recebido em ordem DATA seq=4242. ACK=4242
[RUDP-GBN] Recebido em ordem DATA seq=4243. ACK=4243
[RUDP-GBN] Recebido em ordem DATA seq=4244. ACK=4244
[RUDP-GBN] Recebido em ordem DATA seq=4245. ACK=4245
[RUDP-GBN] Recebido em ordem DATA seq=4246. ACK=4246
[RUDP-GBN] Recebido em ordem DATA seq=4247. ACK=4247
[RUDP-GBN] Recebido em ordem DATA seq=4248. ACK=4248
[RUDP-GBN] Recebido em ordem DATA seq=4249. ACK=4249
[RUDP-GBN] Recebido em ordem DATA seq=4250. ACK=4250
[RUDP-GBN] Recebido em ordem DATA seq=4251. ACK=4251
[RUDP-GBN] Recebido em ordem DATA seq=4252. ACK=4252
[RUDP-GBN] Recebido em ordem DATA seq=4253. ACK=4253
[RUDP-GBN] Recebido em ordem DATA seq=4254. ACK=4254
[RUDP-GBN] Recebido em ordem DATA seq=4255. ACK=4255
[RUDP-GBN] Recebido em ordem DATA seq=4256. ACK=4256
[RUDP-GBN] Recebido em ordem DATA seq=4257. ACK=4257
[RUDP-GBN] Recebido em ordem DATA seq=4258. ACK=4258
[RUDP-GBN] Recebido em ordem DATA seq=4259. ACK=4259
[RUDP-GBN] Recebido em ordem DATA seq=4260. ACK=4260
[RUDP-GBN] Recebido em ordem DATA seq=4261. ACK=4261
[RUDP-GBN] Recebido em ordem DATA seq=4262. ACK=4262
[RUDP-GBN] Recebido em ordem DATA seq=4263. ACK=4263
[RUDP-GBN] Recebido em ordem DATA seq=4264. ACK=4264
[RUDP-GBN] Recebido em ordem DATA seq=4265. ACK=4265
[RUDP-GBN] Recebido em ordem DATA seq=4266. ACK=4266
[RUDP-GBN] Recebido em ordem DATA seq=4267. ACK=4267
[RUDP-GBN] Recebido em ordem DATA seq=4268. ACK=4268
[RUDP-GBN] Recebido em ordem DATA seq=4269. ACK=4269
[RUDP-GBN] Recebido em ordem DATA seq=4270. ACK=4270
[RUDP-GBN] Recebido em ordem DATA seq=4271. ACK=4271
[RUDP-GBN] Recebido em ordem DATA seq=4272. ACK=4272
[RUDP-GBN] Recebido em ordem DATA seq=4273. ACK=4273
[RUDP-GBN] Recebido em ordem DATA seq=4274. ACK=4274
[RUDP-GBN] Recebido em ordem DATA seq=4275. ACK=4275
[RUDP-GBN] Recebido em ordem DATA seq=4276. ACK=4276
[RUDP-GBN] Recebido em ordem DATA seq=4277. ACK=4277
[RUDP-GBN] Recebido em ordem DATA seq=4278. ACK=4278
[RUDP-GBN] Recebido em ordem DATA seq=4279. ACK=4279
[RUDP-GBN] Recebido em ordem DATA seq=4280. ACK=4280
[RUDP-GBN] Recebido em ordem DATA seq=4281. ACK=4281
[RUDP-GBN] Recebido em ordem DATA seq=4282. ACK=4282
[RUDP-GBN] Recebido em ordem DATA seq=4283. ACK=4283
[RUDP-GBN] Recebido em ordem DATA seq=4284. ACK=4284
[RUDP-GBN] Recebido em ordem DATA seq=4285. ACK=4285
[RUDP-GBN] Recebido em ordem DATA seq=4286. ACK=4286
[RUDP-GBN] Recebido em ordem DATA seq=4287. ACK=4287
[RUDP-GBN] Recebido em ordem DATA seq=4288. ACK=4288
[RUDP-GBN] Recebido em ordem DATA seq=4289. ACK=4289
[RUDP-GBN] Recebido em ordem DATA seq=4290. ACK=4290
[RUDP-GBN] Recebido em ordem DATA seq=4291. ACK=4291
[RUDP-GBN] Recebido em ordem DATA seq=4292. ACK=4292
[RUDP-GBN] Recebido em ordem DATA seq=4293. ACK=4293
[RUDP-GBN] Recebido em ordem DATA seq=4294. ACK=4294
[RUDP-GBN] Recebido em ordem DATA seq=4295. ACK=4295
[RUDP-GBN] Recebido em ordem DATA seq=4296. ACK=4296
[RUDP-GBN] Recebido em ordem DATA seq=4297. ACK=4297
[RUDP-GBN] Recebido em ordem DATA seq=4298. ACK=4298
[RUDP-GBN] Recebido em ordem DATA seq=4299. ACK=4299
[RUDP-GBN] Recebido em ordem DATA seq=4300. ACK=4300
[RUDP-GBN] Recebido em ordem DATA seq=4301. ACK=4301
[RUDP-GBN] Recebido em ordem DATA seq=4302. ACK=4302
[RUDP-GBN] Recebido em ordem DATA seq=4303. ACK=4303
[RUDP-GBN] Recebido em ordem DATA seq=4304. ACK=4304
[RUDP-GBN] Recebido em ordem DATA seq=4305. ACK=4305
[RUDP-GBN] Recebido em ordem DATA seq=4306. ACK=4306
[RUDP-GBN] Recebido em ordem DATA seq=4307. ACK=4307
[RUDP-GBN] Recebido em ordem DATA seq=4308. ACK=4308
[RUDP-GBN] Recebido em ordem DATA seq=4309. ACK=4309
[RUDP-GBN] Recebido em ordem DATA seq=4310. ACK=4310
[RUDP-GBN] Recebido em ordem DATA seq=4311. ACK=4311
[RUDP-GBN] Recebido em ordem DATA seq=4312. ACK=4312
[RUDP-GBN] Recebido em ordem DATA seq=4313. ACK=4313
[RUDP-GBN] Recebido em ordem DATA seq=4314. ACK=4314
[RUDP-GBN] Recebido em ordem DATA seq=4315. ACK=4315
[RUDP-GBN] Recebido em ordem DATA seq=4316. ACK=4316
[RUDP-GBN] Recebido em ordem DATA seq=4317. ACK=4317
[RUDP-GBN] Recebido em ordem DATA seq=4318. ACK=4318
[RUDP-GBN] Recebido em ordem DATA seq=4319. ACK=4319
[RUDP-GBN] Recebido em ordem DATA seq=4320. ACK=4320
[RUDP-GBN] Recebido em ordem DATA seq=4321. ACK=4321
[RUDP-GBN] Recebido em ordem DATA seq=4322. ACK=4322
[RUDP-GBN] Recebido em ordem DATA seq=4323. ACK=4323
[RUDP-GBN] Recebido em ordem DATA seq=4324. ACK=4324
[RUDP-GBN] Recebido em ordem DATA seq=4325. ACK=4325
[RUDP-GBN] Recebido em ordem DATA seq=4326. ACK=4326
[RUDP-GBN] Recebido em ordem DATA seq=4327. ACK=4327
[RUDP-GBN] Recebido em ordem DATA seq=4328. ACK=4328
[RUDP-GBN] Recebido em ordem DATA seq=4329. ACK=4329
[RUDP-GBN] Recebido em ordem DATA seq=4330. ACK=4330
[RUDP-GBN] Recebido em ordem DATA seq=4331. ACK=4331
[RUDP-GBN] Recebido em ordem DATA seq=4332. ACK=4332
[RUDP-GBN] Recebido em ordem DATA seq=4333. ACK=4333
[RUDP-GBN] Recebido em ordem DATA seq=4334. ACK=4334
[RUDP-GBN] Recebido em ordem DATA seq=4335. ACK=4335
[RUDP-GBN] Recebido em ordem DATA seq=4336. ACK=4336
[RUDP-GBN] Recebido em ordem DATA seq=4337. ACK=4337
[RUDP-GBN] Recebido em ordem DATA seq=4338. ACK=4338
[RUDP-GBN] Recebido em ordem DATA seq=4339. ACK=4339
[RUDP-GBN] Recebido em ordem DATA seq=4340. ACK=4340
[RUDP-GBN] Recebido em ordem DATA seq=4341. ACK=4341
[RUDP-GBN] Recebido em ordem DATA seq=4342. ACK=4342
[RUDP-GBN] Recebido em ordem DATA seq=4343. ACK=4343
[RUDP-GBN] Recebido em ordem DATA seq=4344. ACK=4344
[RUDP-GBN] Recebido em ordem DATA seq=4345. ACK=4345
[RUDP-GBN] Recebido em ordem DATA seq=4346. ACK=4346
[RUDP-GBN] Recebido em ordem DATA seq=4347. ACK=4347
[RUDP-GBN] Recebido em ordem DATA seq=4348. ACK=4348
[RUDP-GBN] Recebido em ordem DATA seq=4349. ACK=4349
[RUDP-GBN] Recebido em ordem DATA seq=4350. ACK=4350
[RUDP-GBN] Recebido em ordem DATA seq=4351. ACK=4351
[RUDP-GBN] Recebido em ordem DATA seq=4352. ACK=4352
[RUDP-GBN] Recebido em ordem DATA seq=4353. ACK=4353
[RUDP-GBN] Recebido em ordem DATA seq=4354. ACK=4354
[RUDP-GBN] Recebido em ordem DATA seq=4355. ACK=4355
[RUDP-GBN] Recebido em ordem DATA seq=4356. ACK=4356
[RUDP-GBN] Recebido em ordem DATA seq=4357. ACK=4357
[RUDP-GBN] Recebido em ordem DATA seq=4358. ACK=4358
[RUDP-GBN] Recebido em ordem DATA seq=4359. ACK=4359
[RUDP-GBN] Recebido em ordem DATA seq=4360. ACK=4360
[RUDP-GBN] Recebido em ordem DATA seq=4361. ACK=4361
[RUDP-GBN] Recebido em ordem DATA seq=4362. ACK=4362
[RUDP-GBN] Recebido em ordem DATA seq=4363. ACK=4363
[RUDP-GBN] Recebido em ordem DATA seq=4364. ACK=4364
[RUDP-GBN] Recebido em ordem DATA seq=4365. ACK=4365
[RUDP-GBN] Recebido em ordem DATA seq=4366. ACK=4366
[RUDP-GBN] Recebido em ordem DATA seq=4367. ACK=4367
[RUDP-GBN] Recebido em ordem DATA seq=4368. ACK=4368
[RUDP-GBN] Recebido em ordem DATA seq=4369. ACK=4369
[RUDP-GBN] Recebido em ordem DATA seq=4370. ACK=4370
[RUDP-GBN] Recebido em ordem DATA seq=4371. ACK=4371
[RUDP-GBN] Recebido em ordem DATA seq=4372. ACK=4372
[RUDP-GBN] Recebido em ordem DATA seq=4373. ACK=4373
[RUDP-GBN] Recebido em ordem DATA seq=4374. ACK=4374
[RUDP-GBN] Recebido em ordem DATA seq=4375. ACK=4375
[RUDP-GBN] Recebido em ordem DATA seq=4376. ACK=4376
[RUDP-GBN] Recebido em ordem DATA seq=4377. ACK=4377
[RUDP-GBN] Recebido em ordem DATA seq=4378. ACK=4378
[RUDP-GBN] Recebido em ordem DATA seq=4379. ACK=4379
[RUDP-GBN] Recebido em ordem DATA seq=4380. ACK=4380
[RUDP-GBN] Recebido em ordem DATA seq=4381. ACK=4381
[RUDP-GBN] Recebido em ordem DATA seq=4382. ACK=4382
[RUDP-GBN] Recebido em ordem DATA seq=4383. ACK=4383
[RUDP-GBN] Recebido em ordem DATA seq=4384. ACK=4384
[RUDP-GBN] Recebido em ordem DATA seq=4385. ACK=4385
[RUDP-GBN] Recebido em ordem DATA seq=4386. ACK=4386
[RUDP-GBN] Recebido em ordem DATA seq=4387. ACK=4387
[RUDP-GBN] Recebido em ordem DATA seq=4388. ACK=4388
[RUDP-GBN] Recebido em ordem DATA seq=4389. ACK=4389
[RUDP-GBN] Recebido em ordem DATA seq=4390. ACK=4390
[RUDP-GBN] Recebido em ordem DATA seq=4391. ACK=4391
[RUDP-GBN] Recebido em ordem DATA seq=4392. ACK=4392
[RUDP-GBN] Recebido em ordem DATA seq=4393. ACK=4393
[RUDP-GBN] Recebido em ordem DATA seq=4394. ACK=4394
[RUDP-GBN] Recebido em ordem DATA seq=4395. ACK=4395
[RUDP-GBN] Recebido em ordem DATA seq=4396. ACK=4396
[RUDP-GBN] Recebido em ordem DATA seq=4397. ACK=4397
[RUDP-GBN] Recebido em ordem DATA seq=4398. ACK=4398
[RUDP-GBN] Recebido em ordem DATA seq=4399. ACK=4399
[RUDP-GBN] Recebido em ordem DATA seq=4400. ACK=4400
[RUDP-GBN] Recebido em ordem DATA seq=4401. ACK=4401
[RUDP-GBN] Recebido em ordem DATA seq=4402. ACK=4402
[RUDP-GBN] Recebido em ordem DATA seq=4403. ACK=4403
[RUDP-GBN] Recebido em ordem DATA seq=4404. ACK=4404
[RUDP-GBN] Recebido em ordem DATA seq=4405. ACK=4405
[RUDP-GBN] Recebido em ordem DATA seq=4406. ACK=4406
[RUDP-GBN] Recebido em ordem DATA seq=4407. ACK=4407
[RUDP-GBN] Recebido em ordem DATA seq=4408. ACK=4408
[RUDP-GBN] Recebido em ordem DATA seq=4409. ACK=4409
[RUDP-GBN] Recebido em ordem DATA seq=4410. ACK=4410
[RUDP-GBN] Recebido em ordem DATA seq=4411. ACK=4411
[RUDP-GBN] Recebido em ordem DATA seq=4412. ACK=4412
[RUDP-GBN] Recebido em ordem DATA seq=4413. ACK=4413
[RUDP-GBN] Recebido em ordem DATA seq=4414. ACK=4414
[RUDP-GBN] Recebido em ordem DATA seq=4415. ACK=4415
[RUDP-GBN] Recebido em ordem DATA seq=4416. ACK=4416
[RUDP-GBN] Recebido em ordem DATA seq=4417. ACK=4417
[RUDP-GBN] Recebido em ordem DATA seq=4418. ACK=4418
[RUDP-GBN] Recebido em ordem DATA seq=4419. ACK=4419
[RUDP-GBN] Recebido em ordem DATA seq=4420. ACK=4420
[RUDP-GBN] Recebido em ordem DATA seq=4421. ACK=4421
[RUDP-GBN] Recebido em ordem DATA seq=4422. ACK=4422
[RUDP-GBN] Recebido em ordem DATA seq=4423. ACK=4423
[RUDP-GBN] Recebido em ordem DATA seq=4424. ACK=4424
[RUDP-GBN] Recebido em ordem DATA seq=4425. ACK=4425
[RUDP-GBN] Recebido em ordem DATA seq=4426. ACK=4426
[RUDP-GBN] Recebido em ordem DATA seq=4427. ACK=4427
[RUDP-GBN] Recebido em ordem DATA seq=4428. ACK=4428
[RUDP-GBN] Recebido em ordem DATA seq=4429. ACK=4429
[RUDP-GBN] Recebido em ordem DATA seq=4430. ACK=4430
[RUDP-GBN] Recebido em ordem DATA seq=4431. ACK=4431
[RUDP-GBN] Recebido em ordem DATA seq=4432. ACK=4432
[RUDP-GBN] Recebido em ordem DATA seq=4433. ACK=4433
[RUDP-GBN] Recebido em ordem DATA seq=4434. ACK=4434
[RUDP-GBN] Recebido em ordem DATA seq=4435. ACK=4435
[RUDP-GBN] Recebido em ordem DATA seq=4436. ACK=4436
[RUDP-GBN] Recebido em ordem DATA seq=4437. ACK=4437
[RUDP-GBN] Recebido em ordem DATA seq=4438. ACK=4438
[RUDP-GBN] Recebido em ordem DATA seq=4439. ACK=4439
[RUDP-GBN] Recebido em ordem DATA seq=4440. ACK=4440
[RUDP-GBN] Recebido em ordem DATA seq=4441. ACK=4441
[RUDP-GBN] Recebido em ordem DATA seq=4442. ACK=4442
[RUDP-GBN] Recebido em ordem DATA seq=4443. ACK=4443
[RUDP-GBN] Recebido em ordem DATA seq=4444. ACK=4444
[RUDP-GBN] Recebido em ordem DATA seq=4445. ACK=4445
[RUDP-GBN] Recebido em ordem DATA seq=4446. ACK=4446
[RUDP-GBN] Recebido em ordem DATA seq=4447. ACK=4447
[RUDP-GBN] Recebido em ordem DATA seq=4448. ACK=4448
[RUDP-GBN] Recebido em ordem DATA seq=4449. ACK=4449
[RUDP-GBN] Recebido em ordem DATA seq=4450. ACK=4450
[RUDP-GBN] Recebido em ordem DATA seq=4451. ACK=4451
[RUDP-GBN] Recebido em ordem DATA seq=4452. ACK=4452
[RUDP-GBN] Recebido em ordem DATA seq=4453. ACK=4453
[RUDP-GBN] Recebido em ordem DATA seq=4454. ACK=4454
[RUDP-GBN] Recebido em ordem DATA seq=4455. ACK=4455
[RUDP-GBN] Recebido em ordem DATA seq=4456. ACK=4456
[RUDP-GBN] Recebido em ordem DATA seq=4457. ACK=4457
[RUDP-GBN] Recebido em ordem DATA seq=4458. ACK=4458
[RUDP-GBN] Recebido em ordem DATA seq=4459. ACK=4459
[RUDP-GBN] Recebido em ordem DATA seq=4460. ACK=4460
[RUDP-GBN] Recebido em ordem DATA seq=4461. ACK=4461
[RUDP-GBN] Recebido em ordem DATA seq=4462. ACK=4462
[RUDP-GBN] Recebido em ordem DATA seq=4463. ACK=4463
[RUDP-GBN] Recebido em ordem DATA seq=4464. ACK=4464
[RUDP-GBN] Recebido em ordem DATA seq=4465. ACK=4465
[RUDP-GBN] Recebido em ordem DATA seq=4466. ACK=4466
[RUDP-GBN] Recebido em ordem DATA seq=4467. ACK=4467
[RUDP-GBN] Recebido em ordem DATA seq=4468. ACK=4468
[RUDP-GBN] Recebido em ordem DATA seq=4469. ACK=4469
[RUDP-GBN] Recebido em ordem DATA seq=4470. ACK=4470
[RUDP-GBN] Recebido em ordem DATA seq=4471. ACK=4471
[RUDP-GBN] Recebido em ordem DATA seq=4472. ACK=4472
[RUDP-GBN] Recebido em ordem DATA seq=4473. ACK=4473
[RUDP-GBN] Recebido em ordem DATA seq=4474. ACK=4474
[RUDP-GBN] Recebido em ordem DATA seq=4475. ACK=4475
[RUDP-GBN] Recebido em ordem DATA seq=4476. ACK=4476
[RUDP-GBN] Recebido em ordem DATA seq=4477. ACK=4477
[RUDP-GBN] Recebido em ordem DATA seq=4478. ACK=4478
[RUDP-GBN] Recebido em ordem DATA seq=4479. ACK=4479
[RUDP-GBN] Recebido em ordem DATA seq=4480. ACK=4480
[RUDP-GBN] Recebido em ordem DATA seq=4481. ACK=4481
[RUDP-GBN] Recebido em ordem DATA seq=4482. ACK=4482
[RUDP-GBN] Recebido em ordem DATA seq=4483. ACK=4483
[RUDP-GBN] Recebido em ordem DATA seq=4484. ACK=4484
[RUDP-GBN] Recebido em ordem DATA seq=4485. ACK=4485
[RUDP-GBN] Recebido em ordem DATA seq=4486. ACK=4486
[RUDP-GBN] Recebido em ordem DATA seq=4487. ACK=4487
[RUDP-GBN] Recebido em ordem DATA seq=4488. ACK=4488
[RUDP-GBN] Recebido em ordem DATA seq=4489. ACK=4489
[RUDP-GBN] Recebido em ordem DATA seq=4490. ACK=4490
[RUDP-GBN] Recebido em ordem DATA seq=4491. ACK=4491
[RUDP-GBN] Recebido em ordem DATA seq=4492. ACK=4492
[RUDP-GBN] Recebido em ordem DATA seq=4493. ACK=4493
[RUDP-GBN] Recebido em ordem DATA seq=4494. ACK=4494
[RUDP-GBN] Recebido em ordem DATA seq=4495. ACK=4495
[RUDP-GBN] Recebido em ordem DATA seq=4496. ACK=4496
[RUDP-GBN] Recebido em ordem DATA seq=4497. ACK=4497
[RUDP-GBN] Recebido em ordem DATA seq=4498. ACK=4498
[RUDP-GBN] Recebido em ordem DATA seq=4499. ACK=4499
[RUDP-GBN] Recebido em ordem DATA seq=4500. ACK=4500
[RUDP-GBN] Recebido em ordem DATA seq=4501. ACK=4501
[RUDP-GBN] Recebido em ordem DATA seq=4502. ACK=4502
[RUDP-GBN] Recebido em ordem DATA seq=4503. ACK=4503
[RUDP-GBN] Recebido em ordem DATA seq=4504. ACK=4504
[RUDP-GBN] Recebido em ordem DATA seq=4505. ACK=4505
[RUDP-GBN] Recebido em ordem DATA seq=4506. ACK=4506
[RUDP-GBN] Recebido em ordem DATA seq=4507. ACK=4507
[RUDP-GBN] Recebido em ordem DATA seq=4508. ACK=4508
[RUDP-GBN] Recebido em ordem DATA seq=4509. ACK=4509
[RUDP-GBN] Recebido em ordem DATA seq=4510. ACK=4510
[RUDP-GBN] Recebido em ordem DATA seq=4511. ACK=4511
[RUDP-GBN] Recebido em ordem DATA seq=4512. ACK=4512
[RUDP-GBN] Recebido em ordem DATA seq=4513. ACK=4513
[RUDP-GBN] Recebido em ordem DATA seq=4514. ACK=4514
[RUDP-GBN] Recebido em ordem DATA seq=4515. ACK=4515
[RUDP-GBN] Recebido em ordem DATA seq=4516. ACK=4516
[RUDP-GBN] Recebido em ordem DATA seq=4517. ACK=4517
[RUDP-GBN] Recebido em ordem DATA seq=4518. ACK=4518
[RUDP-GBN] Recebido em ordem DATA seq=4519. ACK=4519
[RUDP-GBN] Recebido em ordem DATA seq=4520. ACK=4520
[RUDP-GBN] Recebido em ordem DATA seq=4521. ACK=4521
[RUDP-GBN] Recebido em ordem DATA seq=4522. ACK=4522
[RUDP-GBN] Recebido em ordem DATA seq=4523. ACK=4523
[RUDP-GBN] Recebido em ordem DATA seq=4524. ACK=4524
[RUDP-GBN] Recebido em ordem DATA seq=4525. ACK=4525
[RUDP-GBN] Recebido em ordem DATA seq=4526. ACK=4526
[RUDP-GBN] Recebido em ordem DATA seq=4527. ACK=4527
[RUDP-GBN] Recebido em ordem DATA seq=4528. ACK=4528
[RUDP-GBN] Recebido em ordem DATA seq=4529. ACK=4529
[RUDP-GBN] Recebido em ordem DATA seq=4530. ACK=4530
[RUDP-GBN] Recebido em ordem DATA seq=4531. ACK=4531
[RUDP-GBN] Recebido em ordem DATA seq=4532. ACK=4532
[RUDP-GBN] Recebido em ordem DATA seq=4533. ACK=4533
[RUDP-GBN] Recebido em ordem DATA seq=4534. ACK=4534
[RUDP-GBN] Recebido em ordem DATA seq=4535. ACK=4535
[RUDP-GBN] Recebido em ordem DATA seq=4536. ACK=4536
[RUDP-GBN] Recebido em ordem DATA seq=4537. ACK=4537
[RUDP-GBN] Recebido em ordem DATA seq=4538. ACK=4538
[RUDP-GBN] Recebido em ordem DATA seq=4539. ACK=4539
[RUDP-GBN] Recebido em ordem DATA seq=4540. ACK=4540
[RUDP-GBN] Recebido em ordem DATA seq=4541. ACK=4541
[RUDP-GBN] Recebido em ordem DATA seq=4542. ACK=4542
[RUDP-GBN] Recebido em ordem DATA seq=4543. ACK=4543
[RUDP-GBN] Recebido em ordem DATA seq=4544. ACK=4544
[RUDP-GBN] Recebido em ordem DATA seq=4545. ACK=4545
[RUDP-GBN] Recebido em ordem DATA seq=4546. ACK=4546
[RUDP-GBN] Recebido em ordem DATA seq=4547. ACK=4547
[RUDP-GBN] Recebido em ordem DATA seq=4548. ACK=4548
[RUDP-GBN] Recebido em ordem DATA seq=4549. ACK=4549
[RUDP-GBN] Recebido em ordem DATA seq=4550. ACK=4550
[RUDP-GBN] Recebido em ordem DATA seq=4551. ACK=4551
[RUDP-GBN] Recebido em ordem DATA seq=4552. ACK=4552
[RUDP-GBN] Recebido em ordem DATA seq=4553. ACK=4553
[RUDP-GBN] Recebido em ordem DATA seq=4554. ACK=4554
[RUDP-GBN] Recebido em ordem DATA seq=4555. ACK=4555
[RUDP-GBN] Recebido em ordem DATA seq=4556. ACK=4556
[RUDP-GBN] Recebido em ordem DATA seq=4557. ACK=4557
[RUDP-GBN] Recebido em ordem DATA seq=4558. ACK=4558
[RUDP-GBN] Recebido em ordem DATA seq=4559. ACK=4559
[RUDP-GBN] Recebido em ordem DATA seq=4560. ACK=4560
[RUDP-GBN] Recebido em ordem DATA seq=4561. ACK=4561
[RUDP-GBN] Recebido em ordem DATA seq=4562. ACK=4562
[RUDP-GBN] Recebido em ordem DATA seq=4563. ACK=4563
[RUDP-GBN] Recebido em ordem DATA seq=4564. ACK=4564
[RUDP-GBN] Recebido em ordem DATA seq=4565. ACK=4565
[RUDP-GBN] Recebido em ordem DATA seq=4566. ACK=4566
[RUDP-GBN] Recebido em ordem DATA seq=4567. ACK=4567
[RUDP-GBN] Recebido em ordem DATA seq=4568. ACK=4568
[RUDP-GBN] Recebido em ordem DATA seq=4569. ACK=4569
[RUDP-GBN] Recebido em ordem DATA seq=4570. ACK=4570
[RUDP-GBN] Recebido em ordem DATA seq=4571. ACK=4571
[RUDP-GBN] Recebido em ordem DATA seq=4572. ACK=4572
[RUDP-GBN] Recebido em ordem DATA seq=4573. ACK=4573
[RUDP-GBN] Recebido em ordem DATA seq=4574. ACK=4574
[RUDP-GBN] Recebido em ordem DATA seq=4575. ACK=4575
[RUDP-GBN] Recebido em ordem DATA seq=4576. ACK=4576
[RUDP-GBN] Recebido em ordem DATA seq=4577. ACK=4577
[RUDP-GBN] Recebido em ordem DATA seq=4578. ACK=4578
[RUDP-GBN] Recebido em ordem DATA seq=4579. ACK=4579
[RUDP-GBN] Recebido em ordem DATA seq=4580. ACK=4580
[RUDP-GBN] Recebido em ordem DATA seq=4581. ACK=4581
[RUDP-GBN] Recebido em ordem DATA seq=4582. ACK=4582
[RUDP-GBN] Recebido em ordem DATA seq=4583. ACK=4583
[RUDP-GBN] Recebido em ordem DATA seq=4584. ACK=4584
[RUDP-GBN] Recebido em ordem DATA seq=4585. ACK=4585
[RUDP-GBN] Recebido em ordem DATA seq=4586. ACK=4586
[RUDP-GBN] Recebido em ordem DATA seq=4587. ACK=4587
[RUDP-GBN] Recebido em ordem DATA seq=4588. ACK=4588
[RUDP-GBN] Recebido em ordem DATA seq=4589. ACK=4589
[RUDP-GBN] Recebido em ordem DATA seq=4590. ACK=4590
[RUDP-GBN] Recebido em ordem DATA seq=4591. ACK=4591
[RUDP-GBN] Recebido em ordem DATA seq=4592. ACK=4592
[RUDP-GBN] Recebido em ordem DATA seq=4593. ACK=4593
[RUDP-GBN] Recebido em ordem DATA seq=4594. ACK=4594
[RUDP-GBN] Recebido em ordem DATA seq=4595. ACK=4595
[RUDP-GBN] Recebido em ordem DATA seq=4596. ACK=4596
[RUDP-GBN] Recebido em ordem DATA seq=4597. ACK=4597
[RUDP-GBN] Recebido em ordem DATA seq=4598. ACK=4598
[RUDP-GBN] Recebido em ordem DATA seq=4599. ACK=4599
[RUDP-GBN] Recebido em ordem DATA seq=4600. ACK=4600
[RUDP-GBN] Recebido em ordem DATA seq=4601. ACK=4601
[RUDP-GBN] Recebido em ordem DATA seq=4602. ACK=4602
[RUDP-GBN] Recebido em ordem DATA seq=4603. ACK=4603
[RUDP-GBN] Recebido em ordem DATA seq=4604. ACK=4604
[RUDP-GBN] Recebido em ordem DATA seq=4605. ACK=4605
[RUDP-GBN] Recebido em ordem DATA seq=4606. ACK=4606
[RUDP-GBN] Recebido em ordem DATA seq=4607. ACK=4607
[RUDP-GBN] Recebido em ordem DATA seq=4608. ACK=4608
[RUDP-GBN] Recebido em ordem DATA seq=4609. ACK=4609
[RUDP-GBN] Recebido em ordem DATA seq=4610. ACK=4610
[RUDP-GBN] Recebido em ordem DATA seq=4611. ACK=4611
[RUDP-GBN] Recebido em ordem DATA seq=4612. ACK=4612
[RUDP-GBN] Recebido em ordem DATA seq=4613. ACK=4613
[RUDP-GBN] Recebido em ordem DATA seq=4614. ACK=4614
[RUDP-GBN] Recebido em ordem DATA seq=4615. ACK=4615
[RUDP-GBN] Recebido em ordem DATA seq=4616. ACK=4616
[RUDP-GBN] Recebido em ordem DATA seq=4617. ACK=4617
[RUDP-GBN] Recebido em ordem DATA seq=4618. ACK=4618
[RUDP-GBN] Recebido em ordem DATA seq=4619. ACK=4619
[RUDP-GBN] Recebido em ordem DATA seq=4620. ACK=4620
[RUDP-GBN] Recebido em ordem DATA seq=4621. ACK=4621
[RUDP-GBN] Recebido em ordem DATA seq=4622. ACK=4622
[RUDP-GBN] Recebido em ordem DATA seq=4623. ACK=4623
[RUDP-GBN] Recebido em ordem DATA seq=4624. ACK=4624
[RUDP-GBN] Recebido em ordem DATA seq=4625. ACK=4625
[RUDP-GBN] Recebido em ordem DATA seq=4626. ACK=4626
[RUDP-GBN] Recebido em ordem DATA seq=4627. ACK=4627
[RUDP-GBN] Recebido em ordem DATA seq=4628. ACK=4628
[RUDP-GBN] Recebido em ordem DATA seq=4629. ACK=4629
[RUDP-GBN] Recebido em ordem DATA seq=4630. ACK=4630
[RUDP-GBN] Recebido em ordem DATA seq=4631. ACK=4631
[RUDP-GBN] Recebido em ordem DATA seq=4632. ACK=4632
[RUDP-GBN] Recebido em ordem DATA seq=4633. ACK=4633
[RUDP-GBN] Recebido em ordem DATA seq=4634. ACK=4634
[RUDP-GBN] Recebido em ordem DATA seq=4635. ACK=4635
[RUDP-GBN] Recebido em ordem DATA seq=4636. ACK=4636
[RUDP-GBN] Recebido em ordem DATA seq=4637. ACK=4637
[RUDP-GBN] Recebido em ordem DATA seq=4638. ACK=4638
[RUDP-GBN] Recebido em ordem DATA seq=4639. ACK=4639
[RUDP-GBN] Recebido em ordem DATA seq=4640. ACK=4640
[RUDP-GBN] Recebido em ordem DATA seq=4641. ACK=4641
[RUDP-GBN] Recebido em ordem DATA seq=4642. ACK=4642
[RUDP-GBN] Recebido em ordem DATA seq=4643. ACK=4643
[RUDP-GBN] Recebido em ordem DATA seq=4644. ACK=4644
[RUDP-GBN] Recebido em ordem DATA seq=4645. ACK=4645
[RUDP-GBN] Recebido em ordem DATA seq=4646. ACK=4646
[RUDP-GBN] Recebido em ordem DATA seq=4647. ACK=4647
[RUDP-GBN] Recebido em ordem DATA seq=4648. ACK=4648
[RUDP-GBN] Recebido em ordem DATA seq=4649. ACK=4649
[RUDP-GBN] Recebido em ordem DATA seq=4650. ACK=4650
[RUDP-GBN] Recebido em ordem DATA seq=4651. ACK=4651
[RUDP-GBN] Recebido em ordem DATA seq=4652. ACK=4652
[RUDP-GBN] Recebido em ordem DATA seq=4653. ACK=4653
[RUDP-GBN] Recebido em ordem DATA seq=4654. ACK=4654
[RUDP-GBN] Recebido em ordem DATA seq=4655. ACK=4655
[RUDP-GBN] Recebido em ordem DATA seq=4656. ACK=4656
[RUDP-GBN] Recebido em ordem DATA seq=4657. ACK=4657
[RUDP-GBN] Recebido em ordem DATA seq=4658. ACK=4658
[RUDP-GBN] Recebido em ordem DATA seq=4659. ACK=4659
[RUDP-GBN] Recebido em ordem DATA seq=4660. ACK=4660
[RUDP-GBN] Recebido em ordem DATA seq=4661. ACK=4661
[RUDP-GBN] Recebido em ordem DATA seq=4662. ACK=4662
[RUDP-GBN] Recebido em ordem DATA seq=4663. ACK=4663
[RUDP-GBN] Recebido em ordem DATA seq=4664. ACK=4664
[RUDP-GBN] Recebido em ordem DATA seq=4665. ACK=4665
[RUDP-GBN] Recebido em ordem DATA seq=4666. ACK=4666
[RUDP-GBN] Recebido em ordem DATA seq=4667. ACK=4667
[RUDP-GBN] Recebido em ordem DATA seq=4668. ACK=4668
[RUDP-GBN] Recebido em ordem DATA seq=4669. ACK=4669
[RUDP-GBN] Recebido em ordem DATA seq=4670. ACK=4670
[RUDP-GBN] Recebido em ordem DATA seq=4671. ACK=4671
[RUDP-GBN] Recebido em ordem DATA seq=4672. ACK=4672
[RUDP-GBN] Recebido em ordem DATA seq=4673. ACK=4673
[RUDP-GBN] Recebido em ordem DATA seq=4674. ACK=4674
[RUDP-GBN] Recebido em ordem DATA seq=4675. ACK=4675
[RUDP-GBN] Recebido em ordem DATA seq=4676. ACK=4676
[RUDP-GBN] Recebido em ordem DATA seq=4677. ACK=4677
[RUDP-GBN] Recebido em ordem DATA seq=4678. ACK=4678
[RUDP-GBN] Recebido em ordem DATA seq=4679. ACK=4679
[RUDP-GBN] Recebido em ordem DATA seq=4680. ACK=4680
[RUDP-GBN] Recebido em ordem DATA seq=4681. ACK=4681
[RUDP-GBN] Recebido em ordem DATA seq=4682. ACK=4682
[RUDP-GBN] Recebido em ordem DATA seq=4683. ACK=4683
[RUDP-GBN] Recebido em ordem DATA seq=4684. ACK=4684
[RUDP-GBN] Recebido em ordem DATA seq=4685. ACK=4685
[RUDP-GBN] Recebido em ordem DATA seq=4686. ACK=4686
[RUDP-GBN] Recebido em ordem DATA seq=4687. ACK=4687
[RUDP-GBN] Recebido em ordem DATA seq=4688. ACK=4688
[RUDP-GBN] Recebido em ordem DATA seq=4689. ACK=4689
[RUDP-GBN] Recebido em ordem DATA seq=4690. ACK=4690
[RUDP-GBN] Recebido em ordem DATA seq=4691. ACK=4691
[RUDP-GBN] Recebido em ordem DATA seq=4692. ACK=4692
[RUDP-GBN] Recebido em ordem DATA seq=4693. ACK=4693
[RUDP-GBN] Recebido em ordem DATA seq=4694. ACK=4694
[RUDP-GBN] Recebido em ordem DATA seq=4695. ACK=4695
[RUDP-GBN] Recebido em ordem DATA seq=4696. ACK=4696
[RUDP-GBN] Recebido em ordem DATA seq=4697. ACK=4697
[RUDP-GBN] Recebido em ordem DATA seq=4698. ACK=4698
[RUDP-GBN] Recebido em ordem DATA seq=4699. ACK=4699
[RUDP-GBN] Recebido em ordem DATA seq=4700. ACK=4700
[RUDP-GBN] Recebido em ordem DATA seq=4701. ACK=4701
[RUDP-GBN] Recebido em ordem DATA seq=4702. ACK=4702
[RUDP-GBN] Recebido em ordem DATA seq=4703. ACK=4703
[RUDP-GBN] Recebido em ordem DATA seq=4704. ACK=4704
[RUDP-GBN] Recebido em ordem DATA seq=4705. ACK=4705
[RUDP-GBN] Recebido em ordem DATA seq=4706. ACK=4706
[RUDP-GBN] Recebido em ordem DATA seq=4707. ACK=4707
[RUDP-GBN] Recebido em ordem DATA seq=4708. ACK=4708
[RUDP-GBN] Recebido em ordem DATA seq=4709. ACK=4709
[RUDP-GBN] Recebido em ordem DATA seq=4710. ACK=4710
[RUDP-GBN] Recebido em ordem DATA seq=4711. ACK=4711
[RUDP-GBN] Recebido em ordem DATA seq=4712. ACK=4712
[RUDP-GBN] Recebido em ordem DATA seq=4713. ACK=4713
[RUDP-GBN] Recebido em ordem DATA seq=4714. ACK=4714
[RUDP-GBN] Recebido em ordem DATA seq=4715. ACK=4715
[RUDP-GBN] Recebido em ordem DATA seq=4716. ACK=4716
[RUDP-GBN] Recebido em ordem DATA seq=4717. ACK=4717
[RUDP-GBN] Recebido em ordem DATA seq=4718. ACK=4718
[RUDP-GBN] Recebido em ordem DATA seq=4719. ACK=4719
[RUDP-GBN] Recebido em ordem DATA seq=4720. ACK=4720
[RUDP-GBN] Recebido em ordem DATA seq=4721. ACK=4721
[RUDP-GBN] Recebido em ordem DATA seq=4722. ACK=4722
[RUDP-GBN] Recebido em ordem DATA seq=4723. ACK=4723
[RUDP-GBN] Recebido em ordem DATA seq=4724. ACK=4724
[RUDP-GBN] Recebido em ordem DATA seq=4725. ACK=4725
[RUDP-GBN] Recebido em ordem DATA seq=4726. ACK=4726
[RUDP-GBN] Recebido em ordem DATA seq=4727. ACK=4727
[RUDP-GBN] Recebido em ordem DATA seq=4728. ACK=4728
[RUDP-GBN] Recebido em ordem DATA seq=4729. ACK=4729
[RUDP-GBN] Recebido em ordem DATA seq=4730. ACK=4730
[RUDP-GBN] Recebido em ordem DATA seq=4731. ACK=4731
[RUDP-GBN] Recebido em ordem DATA seq=4732. ACK=4732
[RUDP-GBN] Recebido em ordem DATA seq=4733. ACK=4733
[RUDP-GBN] Recebido em ordem DATA seq=4734. ACK=4734
[RUDP-GBN] Recebido em ordem DATA seq=4735. ACK=4735
[RUDP-GBN] Recebido em ordem DATA seq=4736. ACK=4736
[RUDP-GBN] Recebido em ordem DATA seq=4737. ACK=4737
[RUDP-GBN] Recebido em ordem DATA seq=4738. ACK=4738
[RUDP-GBN] Recebido em ordem DATA seq=4739. ACK=4739
[RUDP-GBN] Recebido em ordem DATA seq=4740. ACK=4740
[RUDP-GBN] Recebido em ordem DATA seq=4741. ACK=4741
[RUDP-GBN] Recebido em ordem DATA seq=4742. ACK=4742
[RUDP-GBN] Recebido em ordem DATA seq=4743. ACK=4743
[RUDP-GBN] Recebido em ordem DATA seq=4744. ACK=4744
[RUDP-GBN] Recebido em ordem DATA seq=4745. ACK=4745
[RUDP-GBN] Recebido em ordem DATA seq=4746. ACK=4746
[RUDP-GBN] Recebido em ordem DATA seq=4747. ACK=4747
[RUDP-GBN] Recebido em ordem DATA seq=4748. ACK=4748
[RUDP-GBN] Recebido em ordem DATA seq=4749. ACK=4749
[RUDP-GBN] Recebido em ordem DATA seq=4750. ACK=4750
[RUDP-GBN] Recebido em ordem DATA seq=4751. ACK=4751
[RUDP-GBN] Recebido em ordem DATA seq=4752. ACK=4752
[RUDP-GBN] Recebido em ordem DATA seq=4753. ACK=4753
[RUDP-GBN] Recebido em ordem DATA seq=4754. ACK=4754
[RUDP-GBN] Recebido em ordem DATA seq=4755. ACK=4755
[RUDP-GBN] Recebido em ordem DATA seq=4756. ACK=4756
[RUDP-GBN] Recebido em ordem DATA seq=4757. ACK=4757
[RUDP-GBN] Recebido em ordem DATA seq=4758. ACK=4758
[RUDP-GBN] Recebido em ordem DATA seq=4759. ACK=4759
[RUDP-GBN] Recebido em ordem DATA seq=4760. ACK=4760
[RUDP-GBN] Recebido em ordem DATA seq=4761. ACK=4761
[RUDP-GBN] Recebido em ordem DATA seq=4762. ACK=4762
[RUDP-GBN] Recebido em ordem DATA seq=4763. ACK=4763
[RUDP-GBN] Recebido em ordem DATA seq=4764. ACK=4764
[RUDP-GBN] Recebido em ordem DATA seq=4765. ACK=4765
[RUDP-GBN] Recebido em ordem DATA seq=4766. ACK=4766
[RUDP-GBN] Recebido em ordem DATA seq=4767. ACK=4767
[RUDP-GBN] Recebido em ordem DATA seq=4768. ACK=4768
[RUDP-GBN] Recebido em ordem DATA seq=4769. ACK=4769
[RUDP-GBN] Recebido em ordem DATA seq=4770. ACK=4770
[RUDP-GBN] Recebido em ordem DATA seq=4771. ACK=4771
[RUDP-GBN] Recebido em ordem DATA seq=4772. ACK=4772
[RUDP-GBN] Recebido em ordem DATA seq=4773. ACK=4773
[RUDP-GBN] Recebido em ordem DATA seq=4774. ACK=4774
[RUDP-GBN] Recebido em ordem DATA seq=4775. ACK=4775
[RUDP-GBN] Recebido em ordem DATA seq=4776. ACK=4776
[RUDP-GBN] Recebido em ordem DATA seq=4777. ACK=4777
[RUDP-GBN] Recebido em ordem DATA seq=4778. ACK=4778
[RUDP-GBN] Recebido em ordem DATA seq=4779. ACK=4779
[RUDP-GBN] Recebido em ordem DATA seq=4780. ACK=4780
[RUDP-GBN] Recebido em ordem DATA seq=4781. ACK=4781
[RUDP-GBN] Recebido em ordem DATA seq=4782. ACK=4782
[RUDP-GBN] Recebido em ordem DATA seq=4783. ACK=4783
[RUDP-GBN] Recebido em ordem DATA seq=4784. ACK=4784
[RUDP-GBN] Recebido em ordem DATA seq=4785. ACK=4785
[RUDP-GBN] Recebido em ordem DATA seq=4786. ACK=4786
[RUDP-GBN] Recebido em ordem DATA seq=4787. ACK=4787
[RUDP-GBN] Recebido em ordem DATA seq=4788. ACK=4788
[RUDP-GBN] Recebido em ordem DATA seq=4789. ACK=4789
[RUDP-GBN] Recebido em ordem DATA seq=4790. ACK=4790
[RUDP-GBN] Recebido em ordem DATA seq=4791. ACK=4791
[RUDP-GBN] Recebido em ordem DATA seq=4792. ACK=4792
[RUDP-GBN] Recebido em ordem DATA seq=4793. ACK=4793
[RUDP-GBN] Recebido em ordem DATA seq=4794. ACK=4794
[RUDP-GBN] Recebido em ordem DATA seq=4795. ACK=4795
[RUDP-GBN] Recebido em ordem DATA seq=4796. ACK=4796
[RUDP-GBN] Recebido em ordem DATA seq=4797. ACK=4797
[RUDP-GBN] Recebido em ordem DATA seq=4798. ACK=4798
[RUDP-GBN] Recebido em ordem DATA seq=4799. ACK=4799
[RUDP-GBN] Recebido em ordem DATA seq=4800. ACK=4800
[RUDP-GBN] Recebido em ordem DATA seq=4801. ACK=4801
[RUDP-GBN] Recebido em ordem DATA seq=4802. ACK=4802
[RUDP-GBN] Recebido em ordem DATA seq=4803. ACK=4803
[RUDP-GBN] Recebido em ordem DATA seq=4804. ACK=4804
[RUDP-GBN] Recebido em ordem DATA seq=4805. ACK=4805
[RUDP-GBN] Recebido em ordem DATA seq=4806. ACK=4806
[RUDP-GBN] Recebido em ordem DATA seq=4807. ACK=4807
[RUDP-GBN] Recebido em ordem DATA seq=4808. ACK=4808
[RUDP-GBN] Recebido em ordem DATA seq=4809. ACK=4809
[RUDP-GBN] Recebido em ordem DATA seq=4810. ACK=4810
[RUDP-GBN] Recebido em ordem DATA seq=4811. ACK=4811
[RUDP-GBN] Recebido em ordem DATA seq=4812. ACK=4812
[RUDP-GBN] Recebido em ordem DATA seq=4813. ACK=4813
[RUDP-GBN] Recebido em ordem DATA seq=4814. ACK=4814
[RUDP-GBN] Recebido em ordem DATA seq=4815. ACK=4815
[RUDP-GBN] Recebido em ordem DATA seq=4816. ACK=4816
[RUDP-GBN] Recebido em ordem DATA seq=4817. ACK=4817
[RUDP-GBN] Recebido em ordem DATA seq=4818. ACK=4818
[RUDP-GBN] Recebido em ordem DATA seq=4819. ACK=4819
[RUDP-GBN] Recebido em ordem DATA seq=4820. ACK=4820
[RUDP-GBN] Recebido em ordem DATA seq=4821. ACK=4821
[RUDP-GBN] Recebido em ordem DATA seq=4822. ACK=4822
[RUDP-GBN] Recebido em ordem DATA seq=4823. ACK=4823
[RUDP-GBN] Recebido em ordem DATA seq=4824. ACK=4824
[RUDP-GBN] Recebido em ordem DATA seq=4825. ACK=4825
[RUDP-GBN] Recebido em ordem DATA seq=4826. ACK=4826
[RUDP-GBN] Recebido em ordem DATA seq=4827. ACK=4827
[RUDP-GBN] Recebido em ordem DATA seq=4828. ACK=4828
[RUDP-GBN] Recebido em ordem DATA seq=4829. ACK=4829
[RUDP-GBN] Recebido em ordem DATA seq=4830. ACK=4830
[RUDP-GBN] Recebido em ordem DATA seq=4831. ACK=4831
[RUDP-GBN] Recebido em ordem DATA seq=4832. ACK=4832
[RUDP-GBN] Recebido em ordem DATA seq=4833. ACK=4833
[RUDP-GBN] Recebido em ordem DATA seq=4834. ACK=4834
[RUDP-GBN] Recebido em ordem DATA seq=4835. ACK=4835
[RUDP-GBN] Recebido em ordem DATA seq=4836. ACK=4836
[RUDP-GBN] Recebido em ordem DATA seq=4837. ACK=4837
[RUDP-GBN] Recebido em ordem DATA seq=4838. ACK=4838
[RUDP-GBN] Recebido em ordem DATA seq=4839. ACK=4839
[RUDP-GBN] Recebido em ordem DATA seq=4840. ACK=4840
[RUDP-GBN] Recebido em ordem DATA seq=4841. ACK=4841
[RUDP-GBN] Recebido em ordem DATA seq=4842. ACK=4842
[RUDP-GBN] Recebido em ordem DATA seq=4843. ACK=4843
[RUDP-GBN] Recebido em ordem DATA seq=4844. ACK=4844
[RUDP-GBN] Recebido em ordem DATA seq=4845. ACK=4845
[RUDP-GBN] Recebido em ordem DATA seq=4846. ACK=4846
[RUDP-GBN] Recebido em ordem DATA seq=4847. ACK=4847
[RUDP-GBN] Recebido em ordem DATA seq=4848. ACK=4848
[RUDP-GBN] Recebido em ordem DATA seq=4849. ACK=4849
[RUDP-GBN] Recebido em ordem DATA seq=4850. ACK=4850
[RUDP-GBN] Recebido em ordem DATA seq=4851. ACK=4851
[RUDP-GBN] Recebido em ordem DATA seq=4852. ACK=4852
[RUDP-GBN] Recebido em ordem DATA seq=4853. ACK=4853
[RUDP-GBN] Recebido em ordem DATA seq=4854. ACK=4854
[RUDP-GBN] Recebido em ordem DATA seq=4855. ACK=4855
[RUDP-GBN] Recebido em ordem DATA seq=4856. ACK=4856
[RUDP-GBN] Recebido em ordem DATA seq=4857. ACK=4857
[RUDP-GBN] Recebido em ordem DATA seq=4858. ACK=4858
[RUDP-GBN] Recebido em ordem DATA seq=4859. ACK=4859
[RUDP-GBN] Recebido em ordem DATA seq=4860. ACK=4860
[RUDP-GBN] Recebido em ordem DATA seq=4861. ACK=4861
[RUDP-GBN] Recebido em ordem DATA seq=4862. ACK=4862
[RUDP-GBN] Recebido em ordem DATA seq=4863. ACK=4863
[RUDP-GBN] Recebido em ordem DATA seq=4864. ACK=4864
[RUDP-GBN] Recebido em ordem DATA seq=4865. ACK=4865
[RUDP-GBN] Recebido em ordem DATA seq=4866. ACK=4866
[RUDP-GBN] Recebido em ordem DATA seq=4867. ACK=4867
[RUDP-GBN] Recebido em ordem DATA seq=4868. ACK=4868
[RUDP-GBN] Recebido em ordem DATA seq=4869. ACK=4869
[RUDP-GBN] Recebido em ordem DATA seq=4870. ACK=4870
[RUDP-GBN] Recebido em ordem DATA seq=4871. ACK=4871
[RUDP-GBN] Recebido em ordem DATA seq=4872. ACK=4872
[RUDP-GBN] Recebido em ordem DATA seq=4873. ACK=4873
[RUDP-GBN] Recebido em ordem DATA seq=4874. ACK=4874
[RUDP-GBN] Recebido em ordem DATA seq=4875. ACK=4875
[RUDP-GBN] Recebido em ordem DATA seq=4876. ACK=4876
[RUDP-GBN] Recebido em ordem DATA seq=4877. ACK=4877
[RUDP-GBN] Recebido em ordem DATA seq=4878. ACK=4878
[RUDP-GBN] Recebido em ordem DATA seq=4879. ACK=4879
[RUDP-GBN] Recebido em ordem DATA seq=4880. ACK=4880
[RUDP-GBN] Recebido em ordem DATA seq=4881. ACK=4881
[RUDP-GBN] Recebido em ordem DATA seq=4882. ACK=4882
[RUDP-GBN] Recebido em ordem DATA seq=4883. ACK=4883
[RUDP-GBN] Recebido em ordem DATA seq=4884. ACK=4884
[RUDP-GBN] Recebido em ordem DATA seq=4885. ACK=4885
[RUDP-GBN] Recebido em ordem DATA seq=4886. ACK=4886
[RUDP-GBN] Recebido em ordem DATA seq=4887. ACK=4887
[RUDP-GBN] Recebido em ordem DATA seq=4888. ACK=4888
[RUDP-GBN] Recebido em ordem DATA seq=4889. ACK=4889
[RUDP-GBN] Recebido em ordem DATA seq=4890. ACK=4890
[RUDP-GBN] Recebido em ordem DATA seq=4891. ACK=4891
[RUDP-GBN] Recebido em ordem DATA seq=4892. ACK=4892
[RUDP-GBN] Recebido em ordem DATA seq=4893. ACK=4893
[RUDP-GBN] Recebido em ordem DATA seq=4894. ACK=4894
[RUDP-GBN] Recebido em ordem DATA seq=4895. ACK=4895
[RUDP-GBN] Recebido em ordem DATA seq=4896. ACK=4896
[RUDP-GBN] Recebido em ordem DATA seq=4897. ACK=4897
[RUDP-GBN] Recebido em ordem DATA seq=4898. ACK=4898
[RUDP-GBN] Recebido em ordem DATA seq=4899. ACK=4899
[RUDP-GBN] Recebido em ordem DATA seq=4900. ACK=4900
[RUDP-GBN] Recebido em ordem DATA seq=4901. ACK=4901
[RUDP-GBN] Recebido em ordem DATA seq=4902. ACK=4902
[RUDP-GBN] Recebido em ordem DATA seq=4903. ACK=4903
[RUDP-GBN] Recebido em ordem DATA seq=4904. ACK=4904
[RUDP-GBN] Recebido em ordem DATA seq=4905. ACK=4905
[RUDP-GBN] Recebido em ordem DATA seq=4906. ACK=4906
[RUDP-GBN] Recebido em ordem DATA seq=4907. ACK=4907
[RUDP-GBN] Recebido em ordem DATA seq=4908. ACK=4908
[RUDP-GBN] Recebido em ordem DATA seq=4909. ACK=4909
[RUDP-GBN] Recebido em ordem DATA seq=4910. ACK=4910
[RUDP-GBN] Recebido em ordem DATA seq=4911. ACK=4911
[RUDP-GBN] Recebido em ordem DATA seq=4912. ACK=4912
[RUDP-GBN] Recebido em ordem DATA seq=4913. ACK=4913
[RUDP-GBN] Recebido em ordem DATA seq=4914. ACK=4914
[RUDP-GBN] Recebido em ordem DATA seq=4915. ACK=4915
[RUDP-GBN] Recebido em ordem DATA seq=4916. ACK=4916
[RUDP-GBN] Recebido em ordem DATA seq=4917. ACK=4917
[RUDP-GBN] Recebido em ordem DATA seq=4918. ACK=4918
[RUDP-GBN] Recebido em ordem DATA seq=4919. ACK=4919
[RUDP-GBN] Recebido em ordem DATA seq=4920. ACK=4920
[RUDP-GBN] Recebido em ordem DATA seq=4921. ACK=4921
[RUDP-GBN] Recebido em ordem DATA seq=4922. ACK=4922
[RUDP-GBN] Recebido em ordem DATA seq=4923. ACK=4923
[RUDP-GBN] Recebido em ordem DATA seq=4924. ACK=4924
[RUDP-GBN] Recebido em ordem DATA seq=4925. ACK=4925
[RUDP-GBN] Recebido em ordem DATA seq=4926. ACK=4926
[RUDP-GBN] Recebido em ordem DATA seq=4927. ACK=4927
[RUDP-GBN] Recebido em ordem DATA seq=4928. ACK=4928
[RUDP-GBN] Recebido em ordem DATA seq=4929. ACK=4929
[RUDP-GBN] Recebido em ordem DATA seq=4930. ACK=4930
[RUDP-GBN] Recebido em ordem DATA seq=4931. ACK=4931
[RUDP-GBN] Recebido em ordem DATA seq=4932. ACK=4932
[RUDP-GBN] Recebido em ordem DATA seq=4933. ACK=4933
[RUDP-GBN] Recebido em ordem DATA seq=4934. ACK=4934
[RUDP-GBN] Recebido em ordem DATA seq=4935. ACK=4935
[RUDP-GBN] Recebido em ordem DATA seq=4936. ACK=4936
[RUDP-GBN] Recebido em ordem DATA seq=4937. ACK=4937
[RUDP-GBN] Recebido em ordem DATA seq=4938. ACK=4938
[RUDP-GBN] Recebido em ordem DATA seq=4939. ACK=4939
[RUDP-GBN] Recebido em ordem DATA seq=4940. ACK=4940
[RUDP-GBN] Recebido em ordem DATA seq=4941. ACK=4941
[RUDP-GBN] Recebido em ordem DATA seq=4942. ACK=4942
[RUDP-GBN] Recebido em ordem DATA seq=4943. ACK=4943
[RUDP-GBN] Recebido em ordem DATA seq=4944. ACK=4944
[RUDP-GBN] Recebido em ordem DATA seq=4945. ACK=4945
[RUDP-GBN] Recebido em ordem DATA seq=4946. ACK=4946
[RUDP-GBN] Recebido em ordem DATA seq=4947. ACK=4947
[RUDP-GBN] Recebido em ordem DATA seq=4948. ACK=4948
[RUDP-GBN] Recebido em ordem DATA seq=4949. ACK=4949
[RUDP-GBN] Recebido em ordem DATA seq=4950. ACK=4950
[RUDP-GBN] Recebido em ordem DATA seq=4951. ACK=4951
[RUDP-GBN] Recebido em ordem DATA seq=4952. ACK=4952
[RUDP-GBN] Recebido em ordem DATA seq=4953. ACK=4953
[RUDP-GBN] Recebido em ordem DATA seq=4954. ACK=4954
[RUDP-GBN] Recebido em ordem DATA seq=4955. ACK=4955
[RUDP-GBN] Recebido em ordem DATA seq=4956. ACK=4956
[RUDP-GBN] Recebido em ordem DATA seq=4957. ACK=4957
[RUDP-GBN] Recebido em ordem DATA seq=4958. ACK=4958
[RUDP-GBN] Recebido em ordem DATA seq=4959. ACK=4959
[RUDP-GBN] Recebido em ordem DATA seq=4960. ACK=4960
[RUDP-GBN] Recebido em ordem DATA seq=4961. ACK=4961
[RUDP-GBN] Recebido em ordem DATA seq=4962. ACK=4962
[RUDP-GBN] Recebido em ordem DATA seq=4963. ACK=4963
[RUDP-GBN] Recebido em ordem DATA seq=4964. ACK=4964
[RUDP-GBN] Recebido em ordem DATA seq=4965. ACK=4965
[RUDP-GBN] Recebido em ordem DATA seq=4966. ACK=4966
[RUDP-GBN] Recebido em ordem DATA seq=4967. ACK=4967
[RUDP-GBN] Recebido em ordem DATA seq=4968. ACK=4968
[RUDP-GBN] Recebido em ordem DATA seq=4969. ACK=4969
[RUDP-GBN] Recebido em ordem DATA seq=4970. ACK=4970
[RUDP-GBN] Recebido em ordem DATA seq=4971. ACK=4971
[RUDP-GBN] Recebido em ordem DATA seq=4972. ACK=4972
[RUDP-GBN] Recebido em ordem DATA seq=4973. ACK=4973
[RUDP-GBN] Recebido em ordem DATA seq=4974. ACK=4974
[RUDP-GBN] Recebido em ordem DATA seq=4975. ACK=4975
[RUDP-GBN] Recebido em ordem DATA seq=4976. ACK=4976
[RUDP-GBN] Recebido em ordem DATA seq=4977. ACK=4977
[RUDP-GBN] Recebido em ordem DATA seq=4978. ACK=4978
[RUDP-GBN] Recebido em ordem DATA seq=4979. ACK=4979
[RUDP-GBN] Recebido em ordem DATA seq=4980. ACK=4980
[RUDP-GBN] Recebido em ordem DATA seq=4981. ACK=4981
[RUDP-GBN] Recebido em ordem DATA seq=4982. ACK=4982
[RUDP-GBN] Recebido em ordem DATA seq=4983. ACK=4983
[RUDP-GBN] Recebido em ordem DATA seq=4984. ACK=4984
[RUDP-GBN] Recebido em ordem DATA seq=4985. ACK=4985
[RUDP-GBN] Recebido em ordem DATA seq=4986. ACK=4986
[RUDP-GBN] Recebido em ordem DATA seq=4987. ACK=4987
[RUDP-GBN] Recebido em ordem DATA seq=4988. ACK=4988
[RUDP-GBN] Recebido em ordem DATA seq=4989. ACK=4989
[RUDP-GBN] Recebido em ordem DATA seq=4990. ACK=4990
[RUDP-GBN] Recebido em ordem DATA seq=4991. ACK=4991
[RUDP-GBN] Recebido em ordem DATA seq=4992. ACK=4992
[RUDP-GBN] Recebido em ordem DATA seq=4993. ACK=4993
[RUDP-GBN] Recebido em ordem DATA seq=4994. ACK=4994
[RUDP-GBN] Recebido em ordem DATA seq=4995. ACK=4995
[RUDP-GBN] Recebido em ordem DATA seq=4996. ACK=4996
[RUDP-GBN] Recebido em ordem DATA seq=4997. ACK=4997
[RUDP-GBN] Recebido em ordem DATA seq=4998. ACK=4998
[RUDP-GBN] Recebido em ordem DATA seq=4999. ACK=4999
[RUDP-GBN] Recebido em ordem DATA seq=5000. ACK=5000
[RUDP-GBN] Recebido em ordem DATA seq=5001. ACK=5001
[RUDP-GBN] Recebido em ordem DATA seq=5002. ACK=5002
[RUDP-GBN] Recebido em ordem DATA seq=5003. ACK=5003
[RUDP-GBN] Recebido em ordem DATA seq=5004. ACK=5004
[RUDP-GBN] Recebido em ordem DATA seq=5005. ACK=5005
[RUDP-GBN] Recebido em ordem DATA seq=5006. ACK=5006
[RUDP-GBN] Recebido em ordem DATA seq=5007. ACK=5007
[RUDP-GBN] Recebido em ordem DATA seq=5008. ACK=5008
[RUDP-GBN] Recebido em ordem DATA seq=5009. ACK=5009
[RUDP-GBN] Recebido em ordem DATA seq=5010. ACK=5010
[RUDP-GBN] Recebido em ordem DATA seq=5011. ACK=5011
[RUDP-GBN] Recebido em ordem DATA seq=5012. ACK=5012
[RUDP-GBN] Recebido em ordem DATA seq=5013. ACK=5013
[RUDP-GBN] Recebido em ordem DATA seq=5014. ACK=5014
[RUDP-GBN] Recebido em ordem DATA seq=5015. ACK=5015
[RUDP-GBN] Recebido em ordem DATA seq=5016. ACK=5016
[RUDP-GBN] Recebido em ordem DATA seq=5017. ACK=5017
[RUDP-GBN] Recebido em ordem DATA seq=5018. ACK=5018
[RUDP-GBN] Recebido em ordem DATA seq=5019. ACK=5019
[RUDP-GBN] Recebido em ordem DATA seq=5020. ACK=5020
[RUDP-GBN] Recebido em ordem DATA seq=5021. ACK=5021
[RUDP-GBN] Recebido em ordem DATA seq=5022. ACK=5022
[RUDP-GBN] Recebido em ordem DATA seq=5023. ACK=5023
[RUDP-GBN] Recebido em ordem DATA seq=5024. ACK=5024
[RUDP-GBN] Recebido em ordem DATA seq=5025. ACK=5025
[RUDP-GBN] Recebido em ordem DATA seq=5026. ACK=5026
[RUDP-GBN] Recebido em ordem DATA seq=5027. ACK=5027
[RUDP-GBN] Recebido em ordem DATA seq=5028. ACK=5028
[RUDP-GBN] Recebido em ordem DATA seq=5029. ACK=5029
[RUDP-GBN] Recebido em ordem DATA seq=5030. ACK=5030
[RUDP-GBN] Recebido em ordem DATA seq=5031. ACK=5031
[RUDP-GBN] Recebido em ordem DATA seq=5032. ACK=5032
[RUDP-GBN] Recebido em ordem DATA seq=5033. ACK=5033
[RUDP-GBN] Recebido em ordem DATA seq=5034. ACK=5034
[RUDP-GBN] Recebido em ordem DATA seq=5035. ACK=5035
[RUDP-GBN] Recebido em ordem DATA seq=5036. ACK=5036
[RUDP-GBN] Recebido em ordem DATA seq=5037. ACK=5037
[RUDP-GBN] Recebido em ordem DATA seq=5038. ACK=5038
[RUDP-GBN] Recebido em ordem DATA seq=5039. ACK=5039
[RUDP-GBN] Recebido em ordem DATA seq=5040. ACK=5040
[RUDP-GBN] Recebido em ordem DATA seq=5041. ACK=5041
[RUDP-GBN] Recebido em ordem DATA seq=5042. ACK=5042
[RUDP-GBN] Recebido em ordem DATA seq=5043. ACK=5043
[RUDP-GBN] Recebido em ordem DATA seq=5044. ACK=5044
[RUDP-GBN] Recebido em ordem DATA seq=5045. ACK=5045
[RUDP-GBN] Recebido em ordem DATA seq=5046. ACK=5046
[RUDP-GBN] Recebido em ordem DATA seq=5047. ACK=5047
[RUDP-GBN] Recebido em ordem DATA seq=5048. ACK=5048
[RUDP-GBN] Recebido em ordem DATA seq=5049. ACK=5049
[RUDP-GBN] Recebido em ordem DATA seq=5050. ACK=5050
[RUDP-GBN] Recebido em ordem DATA seq=5051. ACK=5051
[RUDP-GBN] Recebido em ordem DATA seq=5052. ACK=5052
[RUDP-GBN] Recebido em ordem DATA seq=5053. ACK=5053
[RUDP-GBN] Recebido em ordem DATA seq=5054. ACK=5054
[RUDP-GBN] Recebido em ordem DATA seq=5055. ACK=5055
[RUDP-GBN] Recebido em ordem DATA seq=5056. ACK=5056
[RUDP-GBN] Recebido em ordem DATA seq=5057. ACK=5057
[RUDP-GBN] Recebido em ordem DATA seq=5058. ACK=5058
[RUDP-GBN] Recebido em ordem DATA seq=5059. ACK=5059
[RUDP-GBN] Recebido em ordem DATA seq=5060. ACK=5060
[RUDP-GBN] Recebido em ordem DATA seq=5061. ACK=5061
[RUDP-GBN] Recebido em ordem DATA seq=5062. ACK=5062
[RUDP-GBN] Recebido em ordem DATA seq=5063. ACK=5063
[RUDP-GBN] Recebido em ordem DATA seq=5064. ACK=5064
[RUDP-GBN] Recebido em ordem DATA seq=5065. ACK=5065
[RUDP-GBN] Recebido em ordem DATA seq=5066. ACK=5066
[RUDP-GBN] Recebido em ordem DATA seq=5067. ACK=5067
[RUDP-GBN] Recebido em ordem DATA seq=5068. ACK=5068
[RUDP-GBN] Recebido em ordem DATA seq=5069. ACK=5069
[RUDP-GBN] Recebido em ordem DATA seq=5070. ACK=5070
[RUDP-GBN] Recebido em ordem DATA seq=5071. ACK=5071
[RUDP-GBN] Recebido em ordem DATA seq=5072. ACK=5072
[RUDP-GBN] Recebido em ordem DATA seq=5073. ACK=5073
[RUDP-GBN] Recebido em ordem DATA seq=5074. ACK=5074
[RUDP-GBN] Recebido em ordem DATA seq=5075. ACK=5075
[RUDP-GBN] Recebido em ordem DATA seq=5076. ACK=5076
[RUDP-GBN] Recebido em ordem DATA seq=5077. ACK=5077
[RUDP-GBN] Recebido em ordem DATA seq=5078. ACK=5078
[RUDP-GBN] Recebido em ordem DATA seq=5079. ACK=5079
[RUDP-GBN] Recebido em ordem DATA seq=5080. ACK=5080
[RUDP-GBN] Recebido em ordem DATA seq=5081. ACK=5081
[RUDP-GBN] Recebido em ordem DATA seq=5082. ACK=5082
[RUDP-GBN] Recebido em ordem DATA seq=5083. ACK=5083
[RUDP-GBN] Recebido em ordem DATA seq=5084. ACK=5084
[RUDP-GBN] Recebido em ordem DATA seq=5085. ACK=5085
[RUDP-GBN] Recebido em ordem DATA seq=5086. ACK=5086
[RUDP-GBN] Recebido em ordem DATA seq=5087. ACK=5087
[RUDP-GBN] Recebido em ordem DATA seq=5088. ACK=5088
[RUDP-GBN] Recebido em ordem DATA seq=5089. ACK=5089
[RUDP-GBN] Recebido em ordem DATA seq=5090. ACK=5090
[RUDP-GBN] Recebido em ordem DATA seq=5091. ACK=5091
[RUDP-GBN] Recebido em ordem DATA seq=5092. ACK=5092
[RUDP-GBN] Recebido em ordem DATA seq=5093. ACK=5093
[RUDP-GBN] Recebido em ordem DATA seq=5094. ACK=5094
[RUDP-GBN] Recebido em ordem DATA seq=5095. ACK=5095
[RUDP-GBN] Recebido em ordem DATA seq=5096. ACK=5096
[RUDP-GBN] Recebido em ordem DATA seq=5097. ACK=5097
[RUDP-GBN] Recebido em ordem DATA seq=5098. ACK=5098
[RUDP-GBN] Recebido em ordem DATA seq=5099. ACK=5099
[RUDP-GBN] Recebido em ordem DATA seq=5100. ACK=5100
[RUDP-GBN] Recebido em ordem DATA seq=5101. ACK=5101
[RUDP-GBN] Recebido em ordem DATA seq=5102. ACK=5102
[RUDP-GBN] Recebido em ordem DATA seq=5103. ACK=5103
[RUDP-GBN] Recebido em ordem DATA seq=5104. ACK=5104
[RUDP-GBN] Recebido em ordem DATA seq=5105. ACK=5105
[RUDP-GBN] Recebido em ordem DATA seq=5106. ACK=5106
[RUDP-GBN] Recebido em ordem DATA seq=5107. ACK=5107
[RUDP-GBN] Recebido em ordem DATA seq=5108. ACK=5108
[RUDP-GBN] Recebido em ordem DATA seq=5109. ACK=5109
[RUDP-GBN] Recebido em ordem DATA seq=5110. ACK=5110
[RUDP-GBN] Recebido em ordem DATA seq=5111. ACK=5111
[RUDP-GBN] Recebido em ordem DATA seq=5112. ACK=5112
[RUDP-GBN] Recebido em ordem DATA seq=5113. ACK=5113
[RUDP-GBN] Recebido em ordem DATA seq=5114. ACK=5114
[RUDP-GBN] Recebido em ordem DATA seq=5115. ACK=5115
[RUDP-GBN] Recebido em ordem DATA seq=5116. ACK=5116
[RUDP-GBN] Recebido em ordem DATA seq=5117. ACK=5117
[RUDP-GBN] Recebido em ordem DATA seq=5118. ACK=5118
[RUDP-GBN] Recebido em ordem DATA seq=5119. ACK=5119
[RUDP-GBN] Recebido FIN
[RUDP-GBN] Enviado FIN-ACK
[RUDP-GBN] Transferência finalizada
